year,date,doy,cum_gdds
2013,2013-05-03,123,0
2013,2013-05-04,124,0
2013,2013-05-05,125,0
2013,2013-05-06,126,3.3500000000000014
2013,2013-05-07,127,10.600000000000001
2013,2013-05-08,128,18.65
2013,2013-05-09,129,24.5
2013,2013-05-10,130,27.25
2013,2013-05-11,131,29.75
2013,2013-05-12,132,29.75
2013,2013-05-13,133,33.6
2013,2013-05-14,134,46.0305
2013,2013-05-15,135,57.1695
2013,2013-05-16,136,67.839
2013,2013-05-17,137,79.739
2013,2013-05-18,138,91.55
2013,2013-05-19,139,104.4695
2013,2013-05-20,140,113.8945
2013,2013-05-21,141,120.7805
2013,2013-05-22,142,124.43900000000001
2013,2013-05-23,143,129.4445
2013,2013-05-24,144,133.703
2013,2013-05-25,145,136.1335
2013,2013-05-26,146,138.0335
2013,2013-05-27,147,147.0585
2013,2013-05-28,148,158.203
2013,2013-05-29,149,168.8835
2013,2013-05-30,150,178.164
2013,2013-05-31,151,188.675
2013,2013-06-01,152,194.9445
2013,2013-06-02,153,199.086
2013,2013-06-03,154,204.3665
2013,2013-06-04,155,209.458
2013,2013-06-05,156,215.633
2013,2013-06-06,157,221.697
2013,2013-06-07,158,227.3025
2013,2013-06-08,159,233.10250000000002
2013,2013-06-09,160,240.8385
2013,2013-06-10,161,250.144
2013,2013-06-11,162,263.5885
2013,2013-06-12,163,277.5135
2013,2013-06-13,164,289.77750000000003
2013,2013-06-14,165,300.683
2013,2013-06-15,166,312.9775
2013,2013-06-16,167,327.033
2013,2013-06-17,168,340.222
2013,2013-06-18,169,353.583
2013,2013-06-19,170,368.858
2013,2013-06-20,171,383.2635
2013,2013-06-21,172,399.344
2013,2013-06-22,173,414.683
2013,2013-06-23,174,427.8385
2013,2013-06-24,175,439.7025
2013,2013-06-25,176,454.547
2013,2013-06-26,177,470.608
2013,2013-06-27,178,485.397
2013,2013-06-28,179,500.1665
2013,2013-06-29,180,510.611
2013,2013-06-30,181,520.561
2013,2013-07-01,182,531.6525
2013,2013-07-02,183,543.2775
2013,2013-07-03,184,554.208
2013,2013-07-04,185,567.272
2013,2013-07-05,186,580.5025
2013,2013-07-06,187,595.2385
2013,2013-07-07,188,611.4745
2013,2013-07-08,189,627.8635
2013,2013-07-09,190,644.419
2013,2013-07-10,191,658.1135
2013,2013-07-11,192,670.6635
2013,2013-07-12,193,683.869
2013,2013-07-13,194,695.922
2013,2013-07-14,195,709.747
2013,2013-07-15,196,723.9110000000001
2013,2013-07-16,197,739.797
2013,2013-07-17,198,755.5415
2013,2013-07-18,199,771.636
2013,2013-07-19,200,786.675
2013,2013-07-20,201,799.186
2013,2013-07-21,202,812.086
2013,2013-07-22,203,825.65
2013,2013-07-23,204,836.372
2013,2013-07-24,205,846.522
2013,2013-07-25,206,858.7885
2013,2013-07-26,207,867.7995
2013,2013-07-27,208,873.5495
2013,2013-07-28,209,880.3855
2013,2013-07-29,210,887.48
2013,2013-07-30,211,896.5355
2013,2013-07-31,212,909.5995
2013,2013-08-01,213,921.605
2013,2013-08-02,214,933.905
2013,2013-08-03,215,943.908
2013,2013-08-04,216,953.872
2013,2013-08-05,217,966.472
2013,2013-08-06,218,980.6915
2013,2013-08-07,219,992.2275
2013,2013-08-08,220,1002.5275
2013,2013-08-09,221,1014.0665
2013,2013-08-10,222,1025.5165
2013,2013-08-11,223,1038.2665
2013,2013-08-12,224,1050.186
2013,2013-08-13,225,1059.611
2013,2013-08-14,226,1067.339
2013,2013-08-15,227,1075.189
2013,2013-08-16,228,1083.592
2013,2013-08-17,229,1093.5225
2013,2013-08-18,230,1104.067
2013,2013-08-19,231,1115.928
2013,2013-08-20,232,1130.1335
2013,2013-08-21,233,1145.703
2013,2013-08-22,234,1160.9225
2013,2013-08-23,235,1175.0835
2013,2013-08-24,236,1190.3585
2013,2013-08-25,237,1205.9225
2013,2013-08-26,238,1221.853
2013,2013-08-27,239,1238.328
2013,2013-08-28,240,1253.753
2013,2013-08-29,241,1268.692
2013,2013-08-30,242,1284.167
2013,2013-08-31,243,1298.617
2013,2013-09-01,244,1310.2255
2013,2013-09-02,245,1318.606
2013,2013-09-03,246,1327.2005
2013,2013-09-04,247,1339.77
2013,2013-09-05,248,1354.431
2013,2013-09-06,249,1368.467
2013,2013-09-07,250,1383.7865
2013,2013-09-08,251,1398.431
2013,2013-09-09,252,1412.87
2013,2013-09-10,253,1427.1005
2013,2013-09-11,254,1441.9005
2013,2013-09-12,255,1451.0895
2013,2013-09-13,256,1457.6395
2013,2013-09-14,257,1463.7035
2013,2013-09-15,258,1470.3425
2013,2013-09-16,259,1475.098
2013,2013-09-17,260,1479.873
2013,2013-09-18,261,1493.8285
2013,2013-09-19,262,1506.5145
2013,2013-09-20,263,1510.595
2013,2013-09-21,264,1515.6035
2013,2013-09-22,265,1522.4565
2013,2013-09-23,266,1529.4925
2013,2013-09-24,267,1537.673
2013,2013-09-25,268,1545.2645
2013,2013-09-26,269,1556.345
2013,2013-09-27,270,1570.0005
2013,2013-09-28,271,1574.134
2013,2013-09-29,272,1579.837
2013,2013-09-30,273,1587.084
2013,2013-10-01,274,1597.9285
2013,2013-10-02,275,1609.1395
2013,2013-10-03,276,1621.9895
2013,2013-10-04,277,1632.7035
2013,2013-10-05,278,1635.7205
2013,2013-10-06,279,1635.7205
2013,2013-10-07,280,1640.387
2013,2013-10-08,281,1646.801
2013,2013-10-09,282,1653.14
2013,2013-10-10,283,1659.718
2013,2013-10-11,284,1666.829
2013,2013-10-12,285,1669.715
2013,2013-10-13,286,1671.64
2013,2013-10-14,287,1671.9125
2013,2013-10-15,288,1673.1125
2013,2013-10-16,289,1673.1125
2013,2013-10-17,290,1673.1125
2013,2013-10-18,291,1673.1125
2013,2013-10-19,292,1673.1125
2013,2013-10-20,293,1673.7125
2013,2013-10-21,294,1673.7125
2013,2013-10-22,295,1673.7125
2013,2013-10-23,296,1673.7125
2013,2013-10-24,297,1673.7125
2013,2013-10-25,298,1673.7125
2013,2013-10-26,299,1673.7125
2013,2013-10-27,300,1673.7125
2013,2013-10-28,301,1673.7125
2013,2013-10-29,302,1673.7125
2013,2013-10-30,303,1677.607
2013,2013-10-31,304,1677.607
2013,2013-11-01,305,1677.607
2013,2013-11-02,306,1677.607
2013,2013-11-03,307,1677.607
2013,2013-11-04,308,1677.607
2013,2013-11-05,309,1677.607
2013,2013-11-06,310,1677.607
2013,2013-11-07,311,1677.607
2013,2013-11-08,312,1677.607
2013,2013-11-09,313,1677.607
2013,2013-11-10,314,1677.607
2013,2013-11-11,315,1677.607
2013,2013-11-12,316,1677.607
2013,2013-11-13,317,1677.607
2013,2013-11-14,318,1677.607
2013,2013-11-15,319,1677.607
2013,2013-11-16,320,1677.907
2013,2013-11-17,321,1678.757
2013,2013-11-18,322,1678.757
2013,2013-11-19,323,1678.757
2013,2013-11-20,324,1678.757
2013,2013-11-21,325,1678.757
2013,2013-11-22,326,1678.757
2013,2013-11-23,327,1678.757
2013,2013-11-24,328,1678.757
2013,2013-11-25,329,1678.757
2013,2013-11-26,330,1678.757
2013,2013-11-27,331,1678.757
2013,2013-11-28,332,1678.757
2013,2013-11-29,333,1678.757
2013,2013-11-30,334,1678.757
2013,2013-12-01,335,1678.757
2013,2013-12-02,336,1678.757
2013,2013-12-03,337,1678.757
2013,2013-12-04,338,1678.757
2013,2013-12-05,339,1678.757
2013,2013-12-06,340,1678.757
2013,2013-12-07,341,1678.757
2013,2013-12-08,342,1678.757
2013,2013-12-09,343,1678.757
2013,2013-12-10,344,1678.757
2013,2013-12-11,345,1678.757
2013,2013-12-12,346,1678.757
2013,2013-12-13,347,1678.757
2013,2013-12-14,348,1678.757
2013,2013-12-15,349,1678.757
2013,2013-12-16,350,1678.757
2013,2013-12-17,351,1678.757
2013,2013-12-18,352,1678.757
2013,2013-12-19,353,1678.757
2013,2013-12-20,354,1678.757
2013,2013-12-21,355,1678.757
2013,2013-12-22,356,1678.757
2013,2013-12-23,357,1678.757
2013,2013-12-24,358,1678.757
2013,2013-12-25,359,1678.757
2013,2013-12-26,360,1678.757
2013,2013-12-27,361,1678.757
2013,2013-12-28,362,1678.757
2013,2013-12-29,363,1678.757
2013,2013-12-30,364,1678.757
2013,2013-12-31,365,1678.757
2014,2014-04-22,112,0.3775000000000013
2014,2014-04-23,113,0.3775000000000013
2014,2014-04-24,114,0.3775000000000013
2014,2014-04-25,115,4.136000000000001
2014,2014-04-26,116,7.855500000000001
2014,2014-04-27,117,8.450000000000001
2014,2014-04-28,118,9.861
2014,2014-04-29,119,9.861
2014,2014-04-30,120,9.861
2014,2014-05-01,121,9.861
2014,2014-05-02,122,10.889000000000001
2014,2014-05-03,123,14.553
2014,2014-05-04,124,16.3305
2014,2014-05-05,125,20.089
2014,2014-05-06,126,25.941499999999998
2014,2014-05-07,127,37.091499999999996
2014,2014-05-08,128,46.696999999999996
2014,2014-05-09,129,51.6055
2014,2014-05-10,130,59.3445
2014,2014-05-11,131,66.57499999999999
2014,2014-05-12,132,72.49449999999999
2014,2014-05-13,133,73.428
2014,2014-05-14,134,73.91399999999999
2014,2014-05-15,135,73.91399999999999
2014,2014-05-16,136,73.91399999999999
2014,2014-05-17,137,75.40849999999999
2014,2014-05-18,138,79.16149999999999
2014,2014-05-19,139,87.267
2014,2014-05-20,140,95.37249999999999
2014,2014-05-21,141,103.478
2014,2014-05-22,142,111.58349999999999
2014,2014-05-23,143,119.689
2014,2014-05-24,144,127.79449999999999
2014,2014-05-25,145,135.89999999999998
2014,2014-05-26,146,144.00549999999998
2014,2014-05-27,147,152.111
2014,2014-05-28,148,160.2165
2014,2014-05-29,149,168.32199999999997
2014,2014-05-30,150,176.42749999999998
2014,2014-05-31,151,191.4245
2014,2014-06-01,152,205.6495
2014,2014-06-02,153,218.14399999999998
2014,2014-06-03,154,227.48299999999998
2014,2014-06-04,155,237.933
2014,2014-06-05,156,246.7525
2014,2014-06-06,157,259.1415
2014,2014-06-07,158,267.8805
2014,2014-06-08,159,276.464
2014,2014-06-09,160,284.8445
2014,2014-06-10,161,294.0805
2014,2014-06-11,162,305.34999999999997
2014,2014-06-12,163,313.822
2014,2014-06-13,164,321.211
2014,2014-06-14,165,331.69149999999996
2014,2014-06-15,166,343.95799999999997
2014,2014-06-16,167,356.7385
2014,2014-06-17,168,369.7135
2014,2014-06-18,169,384.419
2014,2014-06-19,170,396.6775
2014,2014-06-20,171,409.808
2014,2014-06-21,172,424.13599999999997
2014,2014-06-22,173,435.586
2014,2014-06-23,174,448.3195
2014,2014-06-24,175,460.74449999999996
2014,2014-06-25,176,474.2195
2014,2014-06-26,177,486.93899999999996
2014,2014-06-27,178,499.767
2014,2014-06-28,179,513.031
2014,2014-06-29,180,524.8255
2014,2014-06-30,181,536.281
2014,2014-07-01,182,545.631
2014,2014-07-02,183,553.1255
2014,2014-07-03,184,561.4615
2014,2014-07-04,185,571.2145
2014,2014-07-05,186,581.7035
2014,2014-07-06,187,596.5785
2014,2014-07-07,188,611.273
2014,2014-07-08,189,623.201
2014,2014-07-09,190,633.701
2014,2014-07-10,191,645.0955
2014,2014-07-11,192,656.4455
2014,2014-07-12,193,669.8344999999999
2014,2014-07-13,194,682.84
2014,2014-07-14,195,690.465
2014,2014-07-15,196,697.0705
2014,2014-07-16,197,705.74
2014,2014-07-17,198,714.8149999999999
2014,2014-07-18,199,724.6735
2014,2014-07-19,200,736.5735
2014,2014-07-20,201,749.068
2014,2014-07-21,202,763.979
2014,2014-07-22,203,778.968
2014,2014-07-23,204,790.757
2014,2014-07-24,205,800.9375
2014,2014-07-25,206,812.918
2014,2014-07-26,207,827.4929999999999
2014,2014-07-27,208,837.9515
2014,2014-07-28,209,847.3795
2014,2014-07-29,210,856.7405
2014,2014-07-30,211,867.307
2014,2014-07-31,212,877.8235
2014,2014-08-01,213,889.543
2014,2014-08-02,214,902.218
2014,2014-08-03,215,915.2985
2014,2014-08-04,216,929.029
2014,2014-08-05,217,942.204
2014,2014-08-06,218,951.5124999999999
2014,2014-08-07,219,961.982
2014,2014-08-08,220,973.6655
2014,2014-08-09,221,985.821
2014,2014-08-10,222,997.6155
2014,2014-08-11,223,1008.4405
2014,2014-08-12,224,1017.16
2014,2014-08-13,225,1027.385
2014,2014-08-14,226,1038.0045
2014,2014-08-15,227,1048.021
2014,2014-08-16,228,1060.407
2014,2014-08-17,229,1073.746
2014,2014-08-18,230,1088.2765
2014,2014-08-19,231,1102.282
2014,2014-08-20,232,1113.7375
2014,2014-08-21,233,1130.0015
2014,2014-08-22,234,1145.671
2014,2014-08-23,235,1160.8295
2014,2014-08-24,236,1176.7935
2014,2014-08-25,237,1191.599
2014,2014-08-26,238,1203.3545
2014,2014-08-27,239,1214.1655
2014,2014-08-28,240,1225.946
2014,2014-08-29,241,1239.36
2014,2014-08-30,242,1251.435
2014,2014-08-31,243,1264.6265
2014,2014-09-01,244,1275.421
2014,2014-09-02,245,1285.485
2014,2014-09-03,246,1296.938
2014,2014-09-04,247,1313.1935
2014,2014-09-05,248,1320.499
2014,2014-09-06,249,1327.471
2014,2014-09-07,250,1334.46
2014,2014-09-08,251,1340.6435
2014,2014-09-09,252,1351.152
2014,2014-09-10,253,1355.9355
2014,2014-09-11,254,1356.93
2014,2014-09-12,255,1356.93
2014,2014-09-13,256,1356.93
2014,2014-09-14,257,1361.319
2014,2014-09-15,258,1363.355
2014,2014-09-16,259,1365.53
2014,2014-09-17,260,1372.555
2014,2014-09-18,261,1378.402
2014,2014-09-19,262,1387.4379999999999
2014,2014-09-20,263,1398.302
2014,2014-09-21,264,1403.413
2014,2014-09-22,265,1408.7465
2014,2014-09-23,266,1413.752
2014,2014-09-24,267,1420.663
2014,2014-09-25,268,1430.5185
2014,2014-09-26,269,1441.349
2014,2014-09-27,270,1452.799
2014,2014-09-28,271,1463.724
2014,2014-09-29,272,1474.099
2014,2014-09-30,273,1479.874
2014,2014-10-01,274,1486.888
2014,2014-10-02,275,1491.1935
2014,2014-10-03,276,1491.1935
2014,2014-10-04,277,1491.1935
2014,2014-10-05,278,1492.5795
2014,2014-10-06,279,1494.6405
2014,2014-10-07,280,1499.0185
2014,2014-10-08,281,1503.8935
2014,2014-10-09,282,1505.813
2014,2014-10-10,283,1505.813
2014,2014-10-11,284,1505.813
2014,2014-10-12,285,1505.813
2014,2014-10-13,286,1506.824
2014,2014-10-14,287,1510.146
2014,2014-10-15,288,1513.26
2014,2014-10-16,289,1517.146
2014,2014-10-17,290,1519.0155
2014,2014-10-18,291,1519.0155
2014,2014-10-19,292,1519.6625
2014,2014-10-20,293,1523.76
2014,2014-10-21,294,1525.1625
2014,2014-10-22,295,1526.685
2014,2014-10-23,296,1531.9185
2014,2014-10-24,297,1536.6325
2014,2014-10-25,298,1542.138
2014,2014-10-26,299,1545.1105
2014,2014-10-27,300,1549.6689999999999
2014,2014-10-28,301,1549.6689999999999
2014,2014-10-29,302,1549.6689999999999
2014,2014-10-30,303,1549.6689999999999
2014,2014-10-31,304,1549.6689999999999
2014,2014-11-01,305,1549.6689999999999
2014,2014-11-02,306,1549.6689999999999
2014,2014-11-03,307,1550.269
2014,2014-11-04,308,1550.269
2014,2014-11-05,309,1550.269
2014,2014-11-06,310,1550.269
2014,2014-11-07,311,1550.269
2014,2014-11-08,312,1550.269
2014,2014-11-09,313,1550.269
2014,2014-11-10,314,1550.269
2014,2014-11-11,315,1550.269
2014,2014-11-12,316,1550.269
2014,2014-11-13,317,1550.269
2014,2014-11-14,318,1550.269
2014,2014-11-15,319,1550.269
2014,2014-11-16,320,1550.269
2014,2014-11-17,321,1550.269
2014,2014-11-18,322,1550.269
2014,2014-11-19,323,1550.269
2014,2014-11-20,324,1550.269
2014,2014-11-21,325,1550.269
2014,2014-11-22,326,1550.269
2014,2014-11-23,327,1550.269
2014,2014-11-24,328,1550.269
2014,2014-11-25,329,1550.269
2014,2014-11-26,330,1550.269
2014,2014-11-27,331,1550.269
2014,2014-11-28,332,1550.269
2014,2014-11-29,333,1550.269
2014,2014-11-30,334,1550.269
2014,2014-12-01,335,1550.269
2014,2014-12-02,336,1550.269
2014,2014-12-03,337,1550.269
2014,2014-12-04,338,1550.269
2014,2014-12-05,339,1550.269
2014,2014-12-06,340,1550.269
2014,2014-12-07,341,1550.269
2014,2014-12-08,342,1550.269
2014,2014-12-09,343,1550.269
2014,2014-12-10,344,1550.269
2014,2014-12-11,345,1550.269
2014,2014-12-12,346,1550.269
2014,2014-12-13,347,1550.269
2014,2014-12-14,348,1550.819
2014,2014-12-15,349,1551.069
2014,2014-12-16,350,1551.069
2014,2014-12-17,351,1551.069
2014,2014-12-18,352,1551.069
2014,2014-12-19,353,1551.069
2014,2014-12-20,354,1551.069
2014,2014-12-21,355,1551.069
2014,2014-12-22,356,1551.069
2014,2014-12-23,357,1551.069
2014,2014-12-24,358,1551.069
2014,2014-12-25,359,1551.069
2014,2014-12-26,360,1551.069
2014,2014-12-27,361,1551.069
2014,2014-12-28,362,1551.069
2014,2014-12-29,363,1551.069
2014,2014-12-30,364,1551.069
2014,2014-12-31,365,1551.069
2015,2015-05-19,139,0
2015,2015-05-20,140,0
2015,2015-05-21,141,4.0975
2015,2015-05-22,142,10.392
2015,2015-05-23,143,18.142
2015,2015-05-24,144,25.714
2015,2015-05-25,145,36.525
2015,2015-05-26,146,44.664
2015,2015-05-27,147,54.930499999999995
2015,2015-05-28,148,65.15
2015,2015-05-29,149,74.40549999999999
2015,2015-05-30,150,78.439
2015,2015-05-31,151,82.60849999999999
2015,2015-06-01,152,88.178
2015,2015-06-02,153,94.728
2015,2015-06-03,154,105.3475
2015,2015-06-04,155,116.7115
2015,2015-06-05,156,130.217
2015,2015-06-06,157,140.4865
2015,2015-06-07,158,153.8475
2015,2015-06-08,159,166.6585
2015,2015-06-09,160,180.0835
2015,2015-06-10,161,195.1225
2015,2015-06-11,162,204.9115
2015,2015-06-12,163,212.08950000000002
2015,2015-06-13,164,222.959
2015,2015-06-14,165,236.2535
2015,2015-06-15,166,245.8505
2015,2015-06-16,167,255.8115
2015,2015-06-17,168,269.5615
2015,2015-06-18,169,279.678
2015,2015-06-19,170,290.6725
2015,2015-06-20,171,303.07800000000003
2015,2015-06-21,172,316.4615
2015,2015-06-22,173,330.992
2015,2015-06-23,174,342.4225
2015,2015-06-24,175,351.292
2015,2015-06-25,176,364.1085
2015,2015-06-26,177,374.475
2015,2015-06-27,178,386.575
2015,2015-06-28,179,399.5335
2015,2015-06-29,180,411.95
2015,2015-06-30,181,424.15000000000003
2015,2015-07-01,182,433.2
2015,2015-07-02,183,439.8445
2015,2015-07-03,184,449.514
2015,2015-07-04,185,459.8
2015,2015-07-05,186,472.31100000000004
2015,2015-07-06,187,483.175
2015,2015-07-07,188,489.6805
2015,2015-07-08,189,496.564
2015,2015-07-09,190,506.0335
2015,2015-07-10,191,516.9945
2015,2015-07-11,192,531.1085
2015,2015-07-12,193,546.9945
2015,2015-07-13,194,562.5585
2015,2015-07-14,195,577.9085
2015,2015-07-15,196,590.8945
2015,2015-07-16,197,605.9665
2015,2015-07-17,198,621.372
2015,2015-07-18,199,637.058
2015,2015-07-19,200,651.1745
2015,2015-07-20,201,664.0495
2015,2015-07-21,202,674.769
2015,2015-07-22,203,685.8385
2015,2015-07-23,204,697.9855
2015,2015-07-24,205,712.4215
2015,2015-07-25,206,728.6575
2015,2015-07-26,207,743.5325
2015,2015-07-27,208,756.6715
2015,2015-07-28,209,770.052
2015,2015-07-29,210,782.5715
2015,2015-07-30,211,795.1215
2015,2015-07-31,212,808.877
2015,2015-08-01,213,822.516
2015,2015-08-02,214,837.427
2015,2015-08-03,215,848.9605
2015,2015-08-04,216,859.852
2015,2015-08-05,217,871.502
2015,2015-08-06,218,883.213
2015,2015-08-07,219,897.891
2015,2015-08-08,220,912.166
2015,2015-08-09,221,925.9105
2015,2015-08-10,222,938.23
2015,2015-08-11,223,950.558
2015,2015-08-12,224,963.469
2015,2015-08-13,225,975.7855
2015,2015-08-14,226,990.6105
2015,2015-08-15,227,1004.277
2015,2015-08-16,228,1018.1575
2015,2015-08-17,229,1029.7575
2015,2015-08-18,230,1037.0465
2015,2015-08-19,231,1043.1715
2015,2015-08-20,232,1051.1715
2015,2015-08-21,233,1061.6715
2015,2015-08-22,234,1073.091
2015,2015-08-23,235,1079.4745
2015,2015-08-24,236,1085.305
2015,2015-08-25,237,1092.094
2015,2015-08-26,238,1099.9885
2015,2015-08-27,239,1107.069
2015,2015-08-28,240,1115.205
2015,2015-08-29,241,1124.2965
2015,2015-08-30,242,1133.5325
2015,2015-08-31,243,1146.8410000000001
2015,2015-09-01,244,1160.976
2015,2015-09-02,245,1176.066
2015,2015-09-03,246,1191.126
2015,2015-09-04,247,1205.941
2015,2015-09-05,248,1221.506
2015,2015-09-06,249,1236.791
2015,2015-09-07,250,1252.506
2015,2015-09-08,251,1264.461
2015,2015-09-09,252,1275.306
2015,2015-09-10,253,1286.341
2015,2015-09-11,254,1291.106
2015,2015-09-12,255,1295.556
2015,2015-09-13,256,1301.047
2015,2015-09-14,257,1311.012
2015,2015-09-15,258,1324.932
2015,2015-09-16,259,1338.182
2015,2015-09-17,260,1351.977
2015,2015-09-18,261,1357.167
2015,2015-09-19,262,1362.857
2015,2015-09-20,263,1368.637
2015,2015-09-21,264,1376.3220000000001
2015,2015-09-22,265,1389.127
2015,2015-09-23,266,1398.962
2015,2015-09-24,267,1409.997
2015,2015-09-25,268,1420.737
2015,2015-09-26,269,1430.4370000000001
2015,2015-09-27,270,1440.087
2015,2015-09-28,271,1451.537
2015,2015-09-29,272,1456.647
2015,2015-09-30,273,1458.2755
2015,2015-10-01,274,1459.353
2015,2015-10-02,275,1459.904
2015,2015-10-03,276,1460.489
2015,2015-10-04,277,1460.489
2015,2015-10-05,278,1463.998
2015,2015-10-06,279,1471.243
2015,2015-10-07,280,1480.053
2015,2015-10-08,281,1489.193
2015,2015-10-09,282,1491.9035000000001
2015,2015-10-10,283,1495.1465
2015,2015-10-11,284,1506.0915
2015,2015-10-12,285,1512.4615000000001
2015,2015-10-13,286,1515.3285
2015,2015-10-14,287,1517.7455
2015,2015-10-15,288,1520.1495
2015,2015-10-16,289,1520.1495
2015,2015-10-17,290,1520.1495
2015,2015-10-18,291,1520.1495
2015,2015-10-19,292,1528.7695
2015,2015-10-20,293,1535.4145
2015,2015-10-21,294,1539.9495
2015,2015-10-22,295,1541.767
2015,2015-10-23,296,1546.277
2015,2015-10-24,297,1546.355
2015,2015-10-25,298,1546.355
2015,2015-10-26,299,1546.355
2015,2015-10-27,300,1546.355
2015,2015-10-28,301,1546.355
2015,2015-10-29,302,1546.355
2015,2015-10-30,303,1546.355
2015,2015-10-31,304,1546.355
2015,2015-11-01,305,1550.346
2015,2015-11-02,306,1557.756
2015,2015-11-03,307,1560.712
2015,2015-11-04,308,1565.152
2015,2015-11-05,309,1569.283
2015,2015-11-06,310,1569.283
2015,2015-11-07,311,1569.283
2015,2015-11-08,312,1569.283
2015,2015-11-09,313,1569.283
2015,2015-11-10,314,1569.283
2015,2015-11-11,315,1569.283
2015,2015-11-12,316,1569.283
2015,2015-11-13,317,1569.283
2015,2015-11-14,318,1569.283
2015,2015-11-15,319,1569.283
2015,2015-11-16,320,1569.448
2015,2015-11-17,321,1572.088
2015,2015-11-18,322,1572.088
2015,2015-11-19,323,1572.088
2015,2015-11-20,324,1572.088
2015,2015-11-21,325,1572.088
2015,2015-11-22,326,1572.088
2015,2015-11-23,327,1572.088
2015,2015-11-24,328,1572.088
2015,2015-11-25,329,1572.088
2015,2015-11-26,330,1572.088
2015,2015-11-27,331,1572.088
2015,2015-11-28,332,1572.088
2015,2015-11-29,333,1572.088
2015,2015-11-30,334,1572.088
2015,2015-12-01,335,1572.088
2015,2015-12-02,336,1572.088
2015,2015-12-03,337,1572.088
2015,2015-12-04,338,1572.088
2015,2015-12-05,339,1572.088
2015,2015-12-06,340,1572.088
2015,2015-12-07,341,1572.088
2015,2015-12-08,342,1572.088
2015,2015-12-09,343,1572.088
2015,2015-12-10,344,1572.088
2015,2015-12-11,345,1572.088
2015,2015-12-12,346,1572.088
2015,2015-12-13,347,1572.088
2015,2015-12-14,348,1572.088
2015,2015-12-15,349,1572.088
2015,2015-12-16,350,1572.088
2015,2015-12-17,351,1572.088
2015,2015-12-18,352,1572.088
2015,2015-12-19,353,1572.088
2015,2015-12-20,354,1572.088
2015,2015-12-21,355,1572.088
2015,2015-12-22,356,1572.088
2015,2015-12-23,357,1572.088
2015,2015-12-24,358,1572.088
2015,2015-12-25,359,1572.088
2015,2015-12-26,360,1572.088
2015,2015-12-27,361,1572.088
2015,2015-12-28,362,1572.088
2015,2015-12-29,363,1572.088
2015,2015-12-30,364,1572.088
2015,2015-12-31,365,1572.088
2016,2016-05-06,127,9.879999999999999
2016,2016-05-07,128,16.37
2016,2016-05-08,129,22.465
2016,2016-05-09,130,27.265
2016,2016-05-10,131,35.405
2016,2016-05-11,132,39.665
2016,2016-05-12,133,41.532000000000004
2016,2016-05-13,134,43.835
2016,2016-05-14,135,43.835
2016,2016-05-15,136,45.085
2016,2016-05-16,137,47.585
2016,2016-05-17,138,50.835
2016,2016-05-18,139,54.135
2016,2016-05-19,140,59.435
2016,2016-05-20,141,66.285
2016,2016-05-21,142,73.98
2016,2016-05-22,143,82.69
2016,2016-05-23,144,94.235
2016,2016-05-24,145,106.21000000000001
2016,2016-05-25,146,117.75
2016,2016-05-26,147,128.935
2016,2016-05-27,148,139.41500000000002
2016,2016-05-28,149,149.095
2016,2016-05-29,150,160.4
2016,2016-05-30,151,173.46
2016,2016-05-31,152,184.35000000000002
2016,2016-06-01,153,193.14000000000001
2016,2016-06-02,154,203.07000000000002
2016,2016-06-03,155,216.625
2016,2016-06-04,156,226.555
2016,2016-06-05,157,238.47500000000002
2016,2016-06-06,158,249.77
2016,2016-06-07,159,258.40500000000003
2016,2016-06-08,160,269.075
2016,2016-06-09,161,283.985
2016,2016-06-10,162,300.23
2016,2016-06-11,163,315.73
2016,2016-06-12,164,331.77500000000003
2016,2016-06-13,165,346.785
2016,2016-06-14,166,361.29
2016,2016-06-15,167,375.445
2016,2016-06-16,168,388.76
2016,2016-06-17,169,402.695
2016,2016-06-18,170,417.21500000000003
2016,2016-06-19,171,431.18
2016,2016-06-20,172,447.365
2016,2016-06-21,173,461.07
2016,2016-06-22,174,475.695
2016,2016-06-23,175,486.69
2016,2016-06-24,176,497.865
2016,2016-06-25,177,514.0500000000001
2016,2016-06-26,178,528.73
2016,2016-06-27,179,542.42
2016,2016-06-28,180,552.975
2016,2016-06-29,181,562.75
2016,2016-06-30,182,575.8000000000001
2016,2016-07-01,183,584.415
2016,2016-07-02,184,591.295
2016,2016-07-03,185,599.08
2016,2016-07-04,186,608.525
2016,2016-07-05,187,622.62
2016,2016-07-06,188,637.575
2016,2016-07-07,189,651.32
2016,2016-07-08,190,664.02
2016,2016-07-09,191,676.61
2016,2016-07-10,192,689.465
2016,2016-07-11,193,704.085
2016,2016-07-12,194,717.855
2016,2016-07-13,195,730.98
2016,2016-07-14,196,743.04
2016,2016-07-15,197,751.365
2016,2016-07-16,198,761.94
2016,2016-07-17,199,775.635
2016,2016-07-18,200,789.78
2016,2016-07-19,201,801.965
2016,2016-07-20,202,816.985
2016,2016-07-21,203,834.01
2016,2016-07-22,204,850.48
2016,2016-07-23,205,867.6850000000001
2016,2016-07-24,206,882.495
2016,2016-07-25,207,896.475
2016,2016-07-26,208,910.83
2016,2016-07-27,209,924.345
2016,2016-07-28,210,936.025
2016,2016-07-29,211,945.14
2016,2016-07-30,212,957.245
2016,2016-07-31,213,969.73
2016,2016-08-01,214,982.565
2016,2016-08-02,215,996.735
2016,2016-08-03,216,1010.565
2016,2016-08-04,217,1025.685
2016,2016-08-05,218,1037.045
2016,2016-08-06,219,1048.115
2016,2016-08-07,220,1059.765
2016,2016-08-08,221,1072.32
2016,2016-08-09,222,1088.31
2016,2016-08-10,223,1103.47
2016,2016-08-11,224,1118.43
2016,2016-08-12,225,1131.395
2016,2016-08-13,226,1144.055
2016,2016-08-14,227,1157.3
2016,2016-08-15,228,1169.54
2016,2016-08-16,229,1182.56
2016,2016-08-17,230,1196.685
2016,2016-08-18,231,1211.695
2016,2016-08-19,232,1225.7450000000001
2016,2016-08-20,233,1233.65
2016,2016-08-21,234,1241.95
2016,2016-08-22,235,1251.965
2016,2016-08-23,236,1263.52
2016,2016-08-24,237,1276.27
2016,2016-08-25,238,1287.575
2016,2016-08-26,239,1295.42
2016,2016-08-27,240,1306.615
2016,2016-08-28,241,1320
2016,2016-08-29,242,1335
2016,2016-08-30,243,1347.66
2016,2016-08-31,244,1358.575
2016,2016-09-01,245,1367.56
2016,2016-09-02,246,1374.8700000000001
2016,2016-09-03,247,1383.735
2016,2016-09-04,248,1394.855
2016,2016-09-05,249,1408.84
2016,2016-09-06,250,1425.25
2016,2016-09-07,251,1437.795
2016,2016-09-08,252,1452.355
2016,2016-09-09,253,1463.945
2016,2016-09-10,254,1471.295
2016,2016-09-11,255,1479.59
2016,2016-09-12,256,1490.04
2016,2016-09-13,257,1497.775
2016,2016-09-14,258,1506.12
2016,2016-09-15,259,1518.51
2016,2016-09-16,260,1527.865
2016,2016-09-17,261,1535.29
2016,2016-09-18,262,1545.815
2016,2016-09-19,263,1559
2016,2016-09-20,264,1570.65
2016,2016-09-21,265,1586.82
2016,2016-09-22,266,1600
2016,2016-09-23,267,1614.775
2016,2016-09-24,268,1629.255
2016,2016-09-25,269,1634.79
2016,2016-09-26,270,1640.24
2016,2016-09-27,271,1645.835
2016,2016-09-28,272,1648.43
2016,2016-09-29,273,1653.84
2016,2016-09-30,274,1658.03
2016,2016-10-01,275,1665.135
2016,2016-10-02,276,1672.97
2016,2016-10-03,277,1679.06
2016,2016-10-04,278,1688.485
2016,2016-10-05,279,1696.25
2016,2016-10-06,280,1700.6195
2016,2016-10-07,281,1700.954
2016,2016-10-08,282,1703.9035
2016,2016-10-09,283,1706.257
2016,2016-10-10,284,1710.7215
2016,2016-10-11,285,1719.1565
2016,2016-10-12,286,1719.1565
2016,2016-10-13,287,1719.1565
2016,2016-10-14,288,1720.184
2016,2016-10-15,289,1728.514
2016,2016-10-16,290,1738.109
2016,2016-10-17,291,1751.889
2016,2016-10-18,292,1758.219
2016,2016-10-19,293,1762.056
2016,2016-10-20,294,1762.056
2016,2016-10-21,295,1762.056
2016,2016-10-22,296,1765.669
2016,2016-10-23,297,1769.587
2016,2016-10-24,298,1769.587
2016,2016-10-25,299,1771.167
2016,2016-10-26,300,1771.167
2016,2016-10-27,301,1772.316
2016,2016-10-28,302,1779.0545
2016,2016-10-29,303,1786.2045
2016,2016-10-30,304,1786.2045
2016,2016-10-31,305,1787.7635
2016,2016-11-01,306,1794.5535
2016,2016-11-02,307,1798.1285
2016,2016-11-03,308,1801.0565
2016,2016-11-04,309,1805.6735
2016,2016-11-05,310,1810.8455
2016,2016-11-06,311,1813.0195
2016,2016-11-07,312,1813.7635
2016,2016-11-08,313,1813.949
2016,2016-11-09,314,1813.949
2016,2016-11-10,315,1816.385
2016,2016-11-11,316,1816.385
2016,2016-11-12,317,1816.385
2016,2016-11-13,318,1816.385
2016,2016-11-14,319,1816.385
2016,2016-11-15,320,1816.693
2016,2016-11-16,321,1816.994
2016,2016-11-17,322,1823.229
2016,2016-11-18,323,1823.229
2016,2016-11-19,324,1823.229
2016,2016-11-20,325,1823.229
2016,2016-11-21,326,1823.229
2016,2016-11-22,327,1823.229
2016,2016-11-23,328,1823.229
2016,2016-11-24,329,1823.229
2016,2016-11-25,330,1823.229
2016,2016-11-26,331,1823.229
2016,2016-11-27,332,1823.229
2016,2016-11-28,333,1823.229
2016,2016-11-29,334,1823.229
2016,2016-11-30,335,1823.229
2016,2016-12-01,336,1823.229
2016,2016-12-02,337,1823.229
2016,2016-12-03,338,1823.229
2016,2016-12-04,339,1823.229
2016,2016-12-05,340,1823.229
2016,2016-12-06,341,1823.229
2016,2016-12-07,342,1823.229
2016,2016-12-08,343,1823.229
2016,2016-12-09,344,1823.229
2016,2016-12-10,345,1823.229
2016,2016-12-11,346,1823.229
2016,2016-12-12,347,1823.229
2016,2016-12-13,348,1823.229
2016,2016-12-14,349,1823.229
2016,2016-12-15,350,1823.229
2016,2016-12-16,351,1823.229
2016,2016-12-17,352,1823.229
2016,2016-12-18,353,1823.229
2016,2016-12-19,354,1823.229
2016,2016-12-20,355,1823.229
2016,2016-12-21,356,1823.229
2016,2016-12-22,357,1823.229
2016,2016-12-23,358,1823.229
2016,2016-12-24,359,1823.229
2016,2016-12-25,360,1823.229
2016,2016-12-26,361,1823.229
2016,2016-12-27,362,1823.229
2016,2016-12-28,363,1823.229
2016,2016-12-29,364,1823.229
2016,2016-12-30,365,1823.229
2016,2016-12-31,366,1823.229
2017,2017-05-09,129,10.52
2017,2017-05-10,130,16.889999999999997
2017,2017-05-11,131,22.389999999999997
2017,2017-05-12,132,28.904999999999998
2017,2017-05-13,133,38.144999999999996
2017,2017-05-14,134,49.745000000000005
2017,2017-05-15,135,63.455
2017,2017-05-16,136,76.61
2017,2017-05-17,137,86.16
2017,2017-05-18,138,89.42500000000001
2017,2017-05-19,139,89.42500000000001
2017,2017-05-20,140,91.583
2017,2017-05-21,141,91.583
2017,2017-05-22,142,96.81
2017,2017-05-23,143,98.935
2017,2017-05-24,144,102.405
2017,2017-05-25,145,107.685
2017,2017-05-26,146,118.44
2017,2017-05-27,147,125.42
2017,2017-05-28,148,134.805
2017,2017-05-29,149,142.36
2017,2017-05-30,150,149.185
2017,2017-05-31,151,155.642
2017,2017-06-01,152,165.247
2017,2017-06-02,153,178.292
2017,2017-06-03,154,192.112
2017,2017-06-04,155,206.872
2017,2017-06-05,156,220.957
2017,2017-06-06,157,232.692
2017,2017-06-07,158,243.727
2017,2017-06-08,159,256.617
2017,2017-06-09,160,269.627
2017,2017-06-10,161,284.882
2017,2017-06-11,162,301.432
2017,2017-06-12,163,317.797
2017,2017-06-13,164,333.217
2017,2017-06-14,165,346.91200000000003
2017,2017-06-15,166,360.97700000000003
2017,2017-06-16,167,375.152
2017,2017-06-17,168,387.812
2017,2017-06-18,169,396.957
2017,2017-06-19,170,407.327
2017,2017-06-20,171,419.54200000000003
2017,2017-06-21,172,432.387
2017,2017-06-22,173,447.507
2017,2017-06-23,174,456.562
2017,2017-06-24,175,464.567
2017,2017-06-25,176,470.992
2017,2017-06-26,177,478.23199999999997
2017,2017-06-27,178,486.467
2017,2017-06-28,179,499.987
2017,2017-06-29,180,512.507
2017,2017-06-30,181,523.942
2017,2017-07-01,182,534.402
2017,2017-07-02,183,547.197
2017,2017-07-03,184,560.897
2017,2017-07-04,185,575.547
2017,2017-07-05,186,589.502
2017,2017-07-06,187,604.682
2017,2017-07-07,188,619.002
2017,2017-07-08,189,632.547
2017,2017-07-09,190,646.597
2017,2017-07-10,191,661.067
2017,2017-07-11,192,675.262
2017,2017-07-12,193,690.607
2017,2017-07-13,194,703.622
2017,2017-07-14,195,714.972
2017,2017-07-15,196,728.052
2017,2017-07-16,197,743.802
2017,2017-07-17,198,758.912
2017,2017-07-18,199,775.277
2017,2017-07-19,200,791.157
2017,2017-07-20,201,806.797
2017,2017-07-21,202,823.517
2017,2017-07-22,203,839.587
2017,2017-07-23,204,852.182
2017,2017-07-24,205,863.072
2017,2017-07-25,206,877.142
2017,2017-07-26,207,890.782
2017,2017-07-27,208,904.712
2017,2017-07-28,209,918.272
2017,2017-07-29,210,930.132
2017,2017-07-30,211,941.402
2017,2017-07-31,212,953.317
2017,2017-08-01,213,966.567
2017,2017-08-02,214,980.222
2017,2017-08-03,215,988.022
2017,2017-08-04,216,995.607
2017,2017-08-05,217,1003.362
2017,2017-08-06,218,1013.187
2017,2017-08-07,219,1024.372
2017,2017-08-08,220,1035.162
2017,2017-08-09,221,1045.572
2017,2017-08-10,222,1057.752
2017,2017-08-11,223,1067.737
2017,2017-08-12,224,1078.247
2017,2017-08-13,225,1088.627
2017,2017-08-14,226,1100.842
2017,2017-08-15,227,1109.552
2017,2017-08-16,228,1122.762
2017,2017-08-17,229,1133.897
2017,2017-08-18,230,1145.677
2017,2017-08-19,231,1157.497
2017,2017-08-20,232,1172.127
2017,2017-08-21,233,1184.487
2017,2017-08-22,234,1192.932
2017,2017-08-23,235,1201.482
2017,2017-08-24,236,1211.612
2017,2017-08-25,237,1221.952
2017,2017-08-26,238,1233.027
2017,2017-08-27,239,1244.5720000000001
2017,2017-08-28,240,1252.772
2017,2017-08-29,241,1263.222
2017,2017-08-30,242,1274.772
2017,2017-08-31,243,1285.042
2017,2017-09-01,244,1292.532
2017,2017-09-02,245,1304.217
2017,2017-09-03,246,1315.637
2017,2017-09-04,247,1323.012
2017,2017-09-05,248,1327.987
2017,2017-09-06,249,1331.8175
2017,2017-09-07,250,1337.8955
2017,2017-09-08,251,1347.4655
2017,2017-09-09,252,1357.3355
2017,2017-09-10,253,1369.0305
2017,2017-09-11,254,1379.3205
2017,2017-09-12,255,1391.2605
2017,2017-09-13,256,1403.2905
2017,2017-09-14,257,1415.8105
2017,2017-09-15,258,1429.9305
2017,2017-09-16,259,1441.0105
2017,2017-09-17,260,1448.3755
2017,2017-09-18,261,1455.4905
2017,2017-09-19,262,1467.5505
2017,2017-09-20,263,1481.7705
2017,2017-09-21,264,1494.8455
2017,2017-09-22,265,1510.4255
2017,2017-09-23,266,1525.6155
2017,2017-09-24,267,1539.9855
2017,2017-09-25,268,1553.7005
2017,2017-09-26,269,1560.1154999999999
2017,2017-09-27,270,1565.3355
2017,2017-09-28,271,1572.5405
2017,2017-09-29,272,1579.5055
2017,2017-09-30,273,1584.6655
2017,2017-10-01,274,1591.1805
2017,2017-10-02,275,1602.2605
2017,2017-10-03,276,1612.8654999999999
2017,2017-10-04,277,1619.1655
2017,2017-10-05,278,1622.7905
2017,2017-10-06,279,1630.1955
2017,2017-10-07,280,1635.2505
2017,2017-10-08,281,1643.5655
2017,2017-10-09,282,1645.9845
2017,2017-10-10,283,1645.9845
2017,2017-10-11,284,1646.921
2017,2017-10-12,285,1649.921
2017,2017-10-13,286,1651.591
2017,2017-10-14,287,1654.736
2017,2017-10-15,288,1654.736
2017,2017-10-16,289,1656.285
2017,2017-10-17,290,1662.21
2017,2017-10-18,291,1668.3465
2017,2017-10-19,292,1674.0325
2017,2017-10-20,293,1681.4375
2017,2017-10-21,294,1687.5625
2017,2017-10-22,295,1689.9545
2017,2017-10-23,296,1691.143
2017,2017-10-24,297,1691.143
2017,2017-10-25,298,1691.475
2017,2017-10-26,299,1691.475
2017,2017-10-27,300,1691.475
2017,2017-10-28,301,1691.475
2017,2017-10-29,302,1691.475
2017,2017-10-30,303,1691.475
2017,2017-10-31,304,1691.475
2017,2017-11-01,305,1691.475
2017,2017-11-02,306,1691.475
2017,2017-11-03,307,1691.475
2017,2017-11-04,308,1691.475
2017,2017-11-05,309,1691.475
2017,2017-11-06,310,1691.475
2017,2017-11-07,311,1691.475
2017,2017-11-08,312,1691.475
2017,2017-11-09,313,1691.475
2017,2017-11-10,314,1691.475
2017,2017-11-11,315,1691.475
2017,2017-11-12,316,1691.475
2017,2017-11-13,317,1691.475
2017,2017-11-14,318,1691.475
2017,2017-11-15,319,1691.475
2017,2017-11-16,320,1691.475
2017,2017-11-17,321,1691.475
2017,2017-11-18,322,1691.475
2017,2017-11-19,323,1691.475
2017,2017-11-20,324,1691.475
2017,2017-11-21,325,1691.475
2017,2017-11-22,326,1691.475
2017,2017-11-23,327,1691.475
2017,2017-11-24,328,1693.257
2017,2017-11-25,329,1693.257
2017,2017-11-26,330,1693.257
2017,2017-11-27,331,1693.257
2017,2017-11-28,332,1693.257
2017,2017-11-29,333,1693.257
2017,2017-11-30,334,1693.257
2017,2017-12-01,335,1693.257
2017,2017-12-02,336,1693.257
2017,2017-12-03,337,1693.257
2017,2017-12-04,338,1693.257
2017,2017-12-05,339,1693.257
2017,2017-12-06,340,1693.257
2017,2017-12-07,341,1693.257
2017,2017-12-08,342,1693.257
2017,2017-12-09,343,1693.257
2017,2017-12-10,344,1693.257
2017,2017-12-11,345,1693.257
2017,2017-12-12,346,1693.257
2017,2017-12-13,347,1693.257
2017,2017-12-14,348,1693.257
2017,2017-12-15,349,1693.257
2017,2017-12-16,350,1693.257
2017,2017-12-17,351,1693.257
2017,2017-12-18,352,1693.257
2017,2017-12-19,353,1693.257
2017,2017-12-20,354,1693.257
2017,2017-12-21,355,1693.257
2017,2017-12-22,356,1693.257
2017,2017-12-23,357,1693.257
2017,2017-12-24,358,1693.257
2017,2017-12-25,359,1693.257
2017,2017-12-26,360,1693.257
2017,2017-12-27,361,1693.257
2017,2017-12-28,362,1693.257
2017,2017-12-29,363,1693.257
2017,2017-12-30,364,1693.257
2017,2017-12-31,365,1693.257
2018,2018-05-08,128,10.490000000000002
2018,2018-05-09,129,19.265
2018,2018-05-10,130,27.045
2018,2018-05-11,131,29.680000000000003
2018,2018-05-12,132,30.706000000000003
2018,2018-05-13,133,35.001000000000005
2018,2018-05-14,134,45.771
2018,2018-05-15,135,56.031000000000006
2018,2018-05-16,136,67.57600000000001
2018,2018-05-17,137,79.68100000000001
2018,2018-05-18,138,91.70100000000001
2018,2018-05-19,139,101.661
2018,2018-05-20,140,105.38600000000001
2018,2018-05-21,141,113.031
2018,2018-05-22,142,123.066
2018,2018-05-23,143,136.991
2018,2018-05-24,144,151.546
2018,2018-05-25,145,165.901
2018,2018-05-26,146,180.30100000000002
2018,2018-05-27,147,195.191
2018,2018-05-28,148,211.156
2018,2018-05-29,149,225.556
2018,2018-05-30,150,238.306
2018,2018-05-31,151,252.416
2018,2018-06-01,152,267.626
2018,2018-06-02,153,277.671
2018,2018-06-03,154,287.386
2018,2018-06-04,155,297.511
2018,2018-06-05,156,310.541
2018,2018-06-06,157,324.271
2018,2018-06-07,158,337.31600000000003
2018,2018-06-08,159,352.296
2018,2018-06-09,160,367.611
2018,2018-06-10,161,378.491
2018,2018-06-11,162,390.041
2018,2018-06-12,163,404.326
2018,2018-06-13,164,415.476
2018,2018-06-14,165,425.146
2018,2018-06-15,166,439.88100000000003
2018,2018-06-16,167,455.836
2018,2018-06-17,168,472.386
2018,2018-06-18,169,487.776
2018,2018-06-19,170,501.821
2018,2018-06-20,171,514.736
2018,2018-06-21,172,524.556
2018,2018-06-22,173,533.386
2018,2018-06-23,174,544.026
2018,2018-06-24,175,556.096
2018,2018-06-25,176,566.431
2018,2018-06-26,177,577.221
2018,2018-06-27,178,590.426
2018,2018-06-28,179,605.051
2018,2018-06-29,180,620.481
2018,2018-06-30,181,635.776
2018,2018-07-01,182,648.116
2018,2018-07-02,183,660.361
2018,2018-07-03,184,674.456
2018,2018-07-04,185,689.806
2018,2018-07-05,186,703.836
2018,2018-07-06,187,715.736
2018,2018-07-07,188,727.261
2018,2018-07-08,189,739.481
2018,2018-07-09,190,753.111
2018,2018-07-10,191,769.316
2018,2018-07-11,192,784.726
2018,2018-07-12,193,800.6610000000001
2018,2018-07-13,194,816.896
2018,2018-07-14,195,832.471
2018,2018-07-15,196,847.651
2018,2018-07-16,197,861.866
2018,2018-07-17,198,876.011
2018,2018-07-18,199,889.071
2018,2018-07-19,200,902.891
2018,2018-07-20,201,916.086
2018,2018-07-21,202,928.896
2018,2018-07-22,203,941.106
2018,2018-07-23,204,954.736
2018,2018-07-24,205,967.546
2018,2018-07-25,206,980.571
2018,2018-07-26,207,990.541
2018,2018-07-27,208,999.241
2018,2018-07-28,209,1009.006
2018,2018-07-29,210,1020.136
2018,2018-07-30,211,1030.936
2018,2018-07-31,212,1042.776
2018,2018-08-01,213,1054.881
2018,2018-08-02,214,1064.621
2018,2018-08-03,215,1077.556
2018,2018-08-04,216,1091.701
2018,2018-08-05,217,1105.616
2018,2018-08-06,218,1119.261
2018,2018-08-07,219,1131.821
2018,2018-08-08,220,1144.391
2018,2018-08-09,221,1159.046
2018,2018-08-10,222,1173.211
2018,2018-08-11,223,1187.271
2018,2018-08-12,224,1200.926
2018,2018-08-13,225,1214.7160000000001
2018,2018-08-14,226,1227.4660000000001
2018,2018-08-15,227,1241.836
2018,2018-08-16,228,1253.826
2018,2018-08-17,229,1267.086
2018,2018-08-18,230,1280.391
2018,2018-08-19,231,1293.056
2018,2018-08-20,232,1303.231
2018,2018-08-21,233,1312.351
2018,2018-08-22,234,1321.851
2018,2018-08-23,235,1330.511
2018,2018-08-24,236,1342.991
2018,2018-08-25,237,1356.346
2018,2018-08-26,238,1370.641
2018,2018-08-27,239,1386.361
2018,2018-08-28,240,1397.581
2018,2018-08-29,241,1405.271
2018,2018-08-30,242,1413.541
2018,2018-08-31,243,1427.856
2018,2018-09-01,244,1441.826
2018,2018-09-02,245,1454.831
2018,2018-09-03,246,1467.086
2018,2018-09-04,247,1482.411
2018,2018-09-05,248,1493.381
2018,2018-09-06,249,1503.416
2018,2018-09-07,250,1509.896
2018,2018-09-08,251,1517.0910000000001
2018,2018-09-09,252,1523.976
2018,2018-09-10,253,1531.791
2018,2018-09-11,254,1541.871
2018,2018-09-12,255,1552.676
2018,2018-09-13,256,1564.676
2018,2018-09-14,257,1578.711
2018,2018-09-15,258,1593.031
2018,2018-09-16,259,1607.471
2018,2018-09-17,260,1621.861
2018,2018-09-18,261,1633.656
2018,2018-09-19,262,1645.366
2018,2018-09-20,263,1660.016
2018,2018-09-21,264,1663.656
2018,2018-09-22,265,1666.658
2018,2018-09-23,266,1673.353
2018,2018-09-24,267,1681.813
2018,2018-09-25,268,1683.716
2018,2018-09-26,269,1686.678
2018,2018-09-27,270,1692.029
2018,2018-09-28,271,1692.029
2018,2018-09-29,272,1692.029
2018,2018-09-30,273,1692.029
2018,2018-10-01,274,1692.529
2018,2018-10-02,275,1694.919
2018,2018-10-03,276,1703.974
2018,2018-10-04,277,1703.974
2018,2018-10-05,278,1704.884
2018,2018-10-06,279,1704.884
2018,2018-10-07,280,1704.902
2018,2018-10-08,281,1711.272
2018,2018-10-09,282,1718.302
2018,2018-10-10,283,1719.532
2018,2018-10-11,284,1719.532
2018,2018-10-12,285,1719.532
2018,2018-10-13,286,1719.532
2018,2018-10-14,287,1719.532
2018,2018-10-15,288,1719.532
2018,2018-10-16,289,1719.532
2018,2018-10-17,290,1719.532
2018,2018-10-18,291,1720.383
2018,2018-10-19,292,1724.863
2018,2018-10-20,293,1724.863
2018,2018-10-21,294,1724.863
2018,2018-10-22,295,1726.198
2018,2018-10-23,296,1726.198
2018,2018-10-24,297,1726.198
2018,2018-10-25,298,1726.198
2018,2018-10-26,299,1726.198
2018,2018-10-27,300,1726.978
2018,2018-10-28,301,1726.978
2018,2018-10-29,302,1726.978
2018,2018-10-30,303,1726.978
2018,2018-10-31,304,1726.978
2018,2018-11-01,305,1726.978
2018,2018-11-02,306,1726.978
2018,2018-11-03,307,1726.978
2018,2018-11-04,308,1726.978
2018,2018-11-05,309,1726.978
2018,2018-11-06,310,1726.978
2018,2018-11-07,311,1726.978
2018,2018-11-08,312,1726.978
2018,2018-11-09,313,1726.978
2018,2018-11-10,314,1726.978
2018,2018-11-11,315,1726.978
2018,2018-11-12,316,1726.978
2018,2018-11-13,317,1726.978
2018,2018-11-14,318,1726.978
2018,2018-11-15,319,1726.978
2018,2018-11-16,320,1726.978
2018,2018-11-17,321,1726.978
2018,2018-11-18,322,1726.978
2018,2018-11-19,323,1726.978
2018,2018-11-20,324,1726.978
2018,2018-11-21,325,1726.978
2018,2018-11-22,326,1726.978
2018,2018-11-23,327,1726.978
2018,2018-11-24,328,1726.978
2018,2018-11-25,329,1726.978
2018,2018-11-26,330,1726.978
2018,2018-11-27,331,1726.978
2018,2018-11-28,332,1726.978
2018,2018-11-29,333,1726.978
2018,2018-11-30,334,1726.978
2018,2018-12-01,335,1726.978
2018,2018-12-02,336,1726.978
2018,2018-12-03,337,1726.978
2018,2018-12-04,338,1726.978
2018,2018-12-05,339,1726.978
2018,2018-12-06,340,1726.978
2018,2018-12-07,341,1726.978
2018,2018-12-08,342,1726.978
2018,2018-12-09,343,1726.978
2018,2018-12-10,344,1726.978
2018,2018-12-11,345,1726.978
2018,2018-12-12,346,1726.978
2018,2018-12-13,347,1726.978
2018,2018-12-14,348,1726.978
2018,2018-12-15,349,1726.978
2018,2018-12-16,350,1726.978
2018,2018-12-17,351,1726.978
2018,2018-12-18,352,1726.978
2018,2018-12-19,353,1726.978
2018,2018-12-20,354,1726.978
2018,2018-12-21,355,1726.978
2018,2018-12-22,356,1726.978
2018,2018-12-23,357,1726.978
2018,2018-12-24,358,1726.978
2018,2018-12-25,359,1726.978
2018,2018-12-26,360,1726.978
2018,2018-12-27,361,1726.978
2018,2018-12-28,362,1726.978
2018,2018-12-29,363,1726.978
2018,2018-12-30,364,1726.978
2018,2018-12-31,365,1726.978
2019,2019-06-03,154,8
2019,2019-06-04,155,20.64
2019,2019-06-05,156,34.745000000000005
2019,2019-06-06,157,49.32
2019,2019-06-07,158,63.605000000000004
2019,2019-06-08,159,76.405
2019,2019-06-09,160,86.025
2019,2019-06-10,161,95.575
2019,2019-06-11,162,105.53999999999999
2019,2019-06-12,163,112.725
2019,2019-06-13,164,119.29
2019,2019-06-14,165,128.985
2019,2019-06-15,166,142.435
2019,2019-06-16,167,153.3
2019,2019-06-17,168,164.22
2019,2019-06-18,169,173.51500000000001
2019,2019-06-19,170,183.16
2019,2019-06-20,171,192.725
2019,2019-06-21,172,201.555
2019,2019-06-22,173,211.57999999999998
2019,2019-06-23,174,222.79
2019,2019-06-24,175,233.61
2019,2019-06-25,176,246.45499999999998
2019,2019-06-26,177,259.515
2019,2019-06-27,178,274.3
2019,2019-06-28,179,289.515
2019,2019-06-29,180,304.6
2019,2019-06-30,181,321.655
2019,2019-07-01,182,338.05
2019,2019-07-02,183,353.465
2019,2019-07-03,184,368.595
2019,2019-07-04,185,383.845
2019,2019-07-05,186,398.54
2019,2019-07-06,187,412.65
2019,2019-07-07,188,425.47
2019,2019-07-08,189,438.955
2019,2019-07-09,190,453.13
2019,2019-07-10,191,466.935
2019,2019-07-11,192,479.96
2019,2019-07-12,193,492.885
2019,2019-07-13,194,507.67
2019,2019-07-14,195,523.395
2019,2019-07-15,196,539.05
2019,2019-07-16,197,554.29
2019,2019-07-17,198,567.09
2019,2019-07-18,199,583.92
2019,2019-07-19,200,600.81
2019,2019-07-20,201,615.06
2019,2019-07-21,202,626.555
2019,2019-07-22,203,636.235
2019,2019-07-23,204,646.77
2019,2019-07-24,205,657.735
2019,2019-07-25,206,668.645
2019,2019-07-26,207,683.825
2019,2019-07-27,208,698.545
2019,2019-07-28,209,713.36
2019,2019-07-29,210,725.895
2019,2019-07-30,211,735.7
2019,2019-07-31,212,744.48
2019,2019-08-01,213,755.32
2019,2019-08-02,214,766.805
2019,2019-08-03,215,780.335
2019,2019-08-04,216,794.21
2019,2019-08-05,217,808.18
2019,2019-08-06,218,821.605
2019,2019-08-07,219,834.8199999999999
2019,2019-08-08,220,847.03
2019,2019-08-09,221,858.02
2019,2019-08-10,222,871.98
2019,2019-08-11,223,885.715
2019,2019-08-12,224,899.54
2019,2019-08-13,225,913.545
2019,2019-08-14,226,923.235
2019,2019-08-15,227,932.82
2019,2019-08-16,228,944.53
2019,2019-08-17,229,956.015
2019,2019-08-18,230,968.505
2019,2019-08-19,231,980.42
2019,2019-08-20,232,995.515
2019,2019-08-21,233,1005.655
2019,2019-08-22,234,1015.535
2019,2019-08-23,235,1024.785
2019,2019-08-24,236,1033.615
2019,2019-08-25,237,1041.95
2019,2019-08-26,238,1052.045
2019,2019-08-27,239,1060.505
2019,2019-08-28,240,1068.795
2019,2019-08-29,241,1080.575
2019,2019-08-30,242,1088.055
2019,2019-08-31,243,1094.88
2019,2019-09-01,244,1103.555
2019,2019-09-02,245,1116.265
2019,2019-09-03,246,1127.825
2019,2019-09-04,247,1135.98
2019,2019-09-05,248,1147.135
2019,2019-09-06,249,1158.375
2019,2019-09-07,250,1169.12
2019,2019-09-08,251,1177.23
2019,2019-09-09,252,1189.18
2019,2019-09-10,253,1203.475
2019,2019-09-11,254,1217.99
2019,2019-09-12,255,1230.3
2019,2019-09-13,256,1238.06
2019,2019-09-14,257,1246.58
2019,2019-09-15,258,1260.995
2019,2019-09-16,259,1275.225
2019,2019-09-17,260,1290.155
2019,2019-09-18,261,1304.935
2019,2019-09-19,262,1318.1
2019,2019-09-20,263,1332.585
2019,2019-09-21,264,1344.955
2019,2019-09-22,265,1351.36
2019,2019-09-23,266,1360.31
2019,2019-09-24,267,1372.505
2019,2019-09-25,268,1379.73
2019,2019-09-26,269,1385.692
2019,2019-09-27,270,1392.557
2019,2019-09-28,271,1398.212
2019,2019-09-29,272,1405.047
2019,2019-09-30,273,1419.712
2019,2019-10-01,274,1427.937
2019,2019-10-02,275,1430.937
2019,2019-10-03,276,1430.937
2019,2019-10-04,277,1430.937
2019,2019-10-05,278,1435.737
2019,2019-10-06,279,1438.7
2019,2019-10-07,280,1442.65
2019,2019-10-08,281,1445.5575000000001
2019,2019-10-09,282,1449.159
2019,2019-10-10,283,1449.5295
2019,2019-10-11,284,1449.5295
2019,2019-10-12,285,1449.5295
2019,2019-10-13,286,1449.5295
2019,2019-10-14,287,1449.5295
2019,2019-10-15,288,1449.5295
2019,2019-10-16,289,1449.5295
2019,2019-10-17,290,1449.5295
2019,2019-10-18,291,1453.6725
2019,2019-10-19,292,1457.6415
2019,2019-10-20,293,1458.2085
2019,2019-10-21,294,1458.2085
2019,2019-10-22,295,1458.2085
2019,2019-10-23,296,1458.2085
2019,2019-10-24,297,1458.2085
2019,2019-10-25,298,1458.2085
2019,2019-10-26,299,1458.2085
2019,2019-10-27,300,1458.2085
2019,2019-10-28,301,1458.2085
2019,2019-10-29,302,1458.2085
2019,2019-10-30,303,1458.2085
2019,2019-10-31,304,1458.2085
2019,2019-11-01,305,1458.2085
2019,2019-11-02,306,1458.2085
2019,2019-11-03,307,1458.2085
2019,2019-11-04,308,1458.2085
2019,2019-11-05,309,1458.2085
2019,2019-11-06,310,1458.2085
2019,2019-11-07,311,1458.2085
2019,2019-11-08,312,1458.2085
2019,2019-11-09,313,1458.2085
2019,2019-11-10,314,1458.2085
2019,2019-11-11,315,1458.2085
2019,2019-11-12,316,1458.2085
2019,2019-11-13,317,1458.2085
2019,2019-11-14,318,1458.2085
2019,2019-11-15,319,1458.2085
2019,2019-11-16,320,1458.2085
2019,2019-11-17,321,1458.2085
2019,2019-11-18,322,1458.2085
2019,2019-11-19,323,1458.2085
2019,2019-11-20,324,1458.2085
2019,2019-11-21,325,1458.2085
2019,2019-11-22,326,1458.2085
2019,2019-11-23,327,1458.2085
2019,2019-11-24,328,1458.2085
2019,2019-11-25,329,1458.2085
2019,2019-11-26,330,1458.2085
2019,2019-11-27,331,1458.2085
2019,2019-11-28,332,1458.2085
2019,2019-11-29,333,1458.2085
2019,2019-11-30,334,1458.2085
2019,2019-12-01,335,1458.2085
2019,2019-12-02,336,1458.2085
2019,2019-12-03,337,1458.2085
2019,2019-12-04,338,1458.2085
2019,2019-12-05,339,1458.2085
2019,2019-12-06,340,1458.2085
2019,2019-12-07,341,1458.2085
2019,2019-12-08,342,1458.2085
2019,2019-12-09,343,1458.2085
2019,2019-12-10,344,1458.2085
2019,2019-12-11,345,1458.2085
2019,2019-12-12,346,1458.2085
2019,2019-12-13,347,1458.2085
2019,2019-12-14,348,1458.2085
2019,2019-12-15,349,1458.2085
2019,2019-12-16,350,1458.2085
2019,2019-12-17,351,1458.2085
2019,2019-12-18,352,1458.2085
2019,2019-12-19,353,1458.2085
2019,2019-12-20,354,1458.2085
2019,2019-12-21,355,1458.2085
2019,2019-12-22,356,1458.2085
2019,2019-12-23,357,1458.2085
2019,2019-12-24,358,1458.2085
2019,2019-12-25,359,1458.2085
2019,2019-12-26,360,1458.2085
2019,2019-12-27,361,1458.2085
2019,2019-12-28,362,1458.2085
2019,2019-12-29,363,1458.2085
2019,2019-12-30,364,1458.2085
2019,2019-12-31,365,1458.2085
2020,2020-04-23,114,5.799999999999999
2020,2020-04-24,115,10.199999999999998
2020,2020-04-25,116,12.449999999999998
2020,2020-04-26,117,15.799999999999999
2020,2020-04-27,118,23.299999999999997
2020,2020-04-28,119,32.199999999999996
2020,2020-04-29,120,34.699999999999996
2020,2020-04-30,121,38.349999999999994
2020,2020-05-01,122,46.4
2020,2020-05-02,123,56.4
2020,2020-05-03,124,63.9
2020,2020-05-04,125,70.55
2020,2020-05-05,126,70.55
2020,2020-05-06,127,70.85
2020,2020-05-07,128,72
2020,2020-05-08,129,72
2020,2020-05-09,130,72
2020,2020-05-10,131,72.85
2020,2020-05-11,132,72.85
2020,2020-05-12,133,72.85
2020,2020-05-13,134,73.44999999999999
2020,2020-05-14,135,77.6
2020,2020-05-15,136,83.14999999999999
2020,2020-05-16,137,89.8
2020,2020-05-17,138,97.3
2020,2020-05-18,139,99.5
2020,2020-05-19,140,102.6
2020,2020-05-20,141,107.6
2020,2020-05-21,142,112.05
2020,2020-05-22,143,119.3
2020,2020-05-23,144,127.94999999999999
2020,2020-05-24,145,139.35
2020,2020-05-25,146,151.6
2020,2020-05-26,147,163.25
2020,2020-05-27,148,174.6
2020,2020-05-28,149,185.7
2020,2020-05-29,150,193.2
2020,2020-05-30,151,199.35
2020,2020-05-31,152,207.39999999999998
2020,2020-06-01,153,221
2020,2020-06-02,154,236.29999999999998
2020,2020-06-03,155,251
2020,2020-06-04,156,266.55
2020,2020-06-05,157,280.7
2020,2020-06-06,158,295.15
2020,2020-06-07,159,310.45
2020,2020-06-08,160,326.55
2020,2020-06-09,161,341.25
2020,2020-06-10,162,350.1
2020,2020-06-11,163,360.4
2020,2020-06-12,164,373.2
2020,2020-06-13,165,386.25
2020,2020-06-14,166,395.95
2020,2020-06-15,167,409.85
2020,2020-06-16,168,423.75
2020,2020-06-17,169,436.25
2020,2020-06-18,170,450.7
2020,2020-06-19,171,465.4
2020,2020-06-20,172,477.35
2020,2020-06-21,173,491.25
2020,2020-06-22,174,504.85
2020,2020-06-23,175,513.15
2020,2020-06-24,176,522.85
2020,2020-06-25,177,534.5
2020,2020-06-26,178,549.8
2020,2020-06-27,179,564.55
2020,2020-06-28,180,579.55
2020,2020-06-29,181,596.2
2020,2020-06-30,182,612.6
2020,2020-07-01,183,627.05
2020,2020-07-02,184,642.05
2020,2020-07-03,185,655.4
2020,2020-07-04,186,667.6
2020,2020-07-05,187,678.45
2020,2020-07-06,188,690.4
2020,2020-07-07,189,705.95
2020,2020-07-08,190,721.8
2020,2020-07-09,191,737.65
2020,2020-07-10,192,751
2020,2020-07-11,193,765.7
2020,2020-07-12,194,779
2020,2020-07-13,195,792.9
2020,2020-07-14,196,808.2
2020,2020-07-15,197,821.8
2020,2020-07-16,198,832.05
2020,2020-07-17,199,846.5
2020,2020-07-18,200,863.7
2020,2020-07-19,201,879.25
2020,2020-07-20,202,892.85
2020,2020-07-21,203,905.6
2020,2020-07-22,204,917.55
2020,2020-07-23,205,929.5
2020,2020-07-24,206,944.2
2020,2020-07-25,207,960.3
2020,2020-07-26,208,976.95
2020,2020-07-27,209,990.85
2020,2020-07-28,210,1004.2
2020,2020-07-29,211,1018.9
2020,2020-07-30,212,1033.35
2020,2020-07-31,213,1045
2020,2020-08-01,214,1055.55
2020,2020-08-02,215,1068.35
2020,2020-08-03,216,1075.85
2020,2020-08-04,217,1082.25
2020,2020-08-05,218,1089.2
2020,2020-08-06,219,1099.45
2020,2020-08-07,220,1112.5
2020,2020-08-08,221,1127.5
2020,2020-08-09,222,1142.5
2020,2020-08-10,223,1155.3
2020,2020-08-11,224,1165.3
2020,2020-08-12,225,1178.65
2020,2020-08-13,226,1194.75
2020,2020-08-14,227,1209.75
2020,2020-08-15,228,1222.8
2020,2020-08-16,229,1235.6
2020,2020-08-17,230,1249.2
2020,2020-08-18,231,1258.65
2020,2020-08-19,232,1268.65
2020,2020-08-20,233,1280
2020,2020-08-21,234,1292.5
2020,2020-08-22,235,1306.95
2020,2020-08-23,236,1321.1
2020,2020-08-24,237,1336.4
2020,2020-08-25,238,1351.1
2020,2020-08-26,239,1365.8
2020,2020-08-27,240,1381.1
2020,2020-08-28,241,1390.55
2020,2020-08-29,242,1402.2
2020,2020-08-30,243,1411.1
2020,2020-08-31,244,1421.4
2020,2020-09-01,245,1429.45
2020,2020-09-02,246,1441.4
2020,2020-09-03,247,1455.55
2020,2020-09-04,248,1464.4
2020,2020-09-05,249,1474.95
2020,2020-09-06,250,1489.95
2020,2020-09-07,251,1500.8
2020,2020-09-08,252,1504.1
2020,2020-09-09,253,1504.1
2020,2020-09-10,254,1504.1
2020,2020-09-11,255,1506.6
2020,2020-09-12,256,1512.7
2020,2020-09-13,257,1519.9
2020,2020-09-14,258,1528.8
2020,2020-09-15,259,1539.35
2020,2020-09-16,260,1550.45
2020,2020-09-17,261,1556.25
2020,2020-09-18,262,1559.9
2020,2020-09-19,263,1564.35
2020,2020-09-20,264,1569.9
2020,2020-09-21,265,1578.25
2020,2020-09-22,266,1587.15
2020,2020-09-23,267,1596.05
2020,2020-09-24,268,1607.15
2020,2020-09-25,269,1619.65
2020,2020-09-26,270,1632.45
2020,2020-09-27,271,1644.1
2020,2020-09-28,272,1646.6
2020,2020-09-29,273,1648.8
2020,2020-09-30,274,1652.65
2020,2020-10-01,275,1655.45
2020,2020-10-02,276,1655.45
2020,2020-10-03,277,1655.45
2020,2020-10-04,278,1655.45
2020,2020-10-05,279,1659.05
2020,2020-10-06,280,1667.1
2020,2020-10-07,281,1676.3
2020,2020-10-08,282,1683
2020,2020-10-09,283,1694.95
2020,2020-10-10,284,1704.65
2020,2020-10-11,285,1714.4
2020,2020-10-12,286,1721.9
2020,2020-10-13,287,1724.7
2020,2020-10-14,288,1729.15
2020,2020-10-15,289,1729.7
2020,2020-10-16,290,1729.7
2020,2020-10-17,291,1731.65
2020,2020-10-18,292,1731.65
2020,2020-10-19,293,1731.65
2020,2020-10-20,294,1731.65
2020,2020-10-21,295,1731.65
2020,2020-10-22,296,1731.65
2020,2020-10-23,297,1731.65
2020,2020-10-24,298,1731.65
2020,2020-10-25,299,1731.65
2020,2020-10-26,300,1731.65
2020,2020-10-27,301,1731.65
2020,2020-10-28,302,1731.65
2020,2020-10-29,303,1731.65
2020,2020-10-30,304,1731.65
2020,2020-10-31,305,1731.65
2020,2020-11-01,306,1731.65
2020,2020-11-02,307,1731.65
2020,2020-11-03,308,1735
2020,2020-11-04,309,1740
2020,2020-11-05,310,1744.45
2020,2020-11-06,311,1748.6
2020,2020-11-07,312,1755.8
2020,2020-11-08,313,1761.6
2020,2020-11-09,314,1769.95
2020,2020-11-10,315,1769.95
2020,2020-11-11,316,1769.95
2020,2020-11-12,317,1769.95
2020,2020-11-13,318,1769.95
2020,2020-11-14,319,1769.95
2020,2020-11-15,320,1769.95
2020,2020-11-16,321,1769.95
2020,2020-11-17,322,1769.95
2020,2020-11-18,323,1769.95
2020,2020-11-19,324,1776.35
2020,2020-11-20,325,1779.1
2020,2020-11-21,326,1779.1
2020,2020-11-22,327,1779.1
2020,2020-11-23,328,1779.1
2020,2020-11-24,329,1779.1
2020,2020-11-25,330,1779.1
2020,2020-11-26,331,1779.1
2020,2020-11-27,332,1779.1
2020,2020-11-28,333,1779.1
2020,2020-11-29,334,1779.1
2020,2020-11-30,335,1779.1
2020,2020-12-01,336,1779.1
2020,2020-12-02,337,1779.1
2020,2020-12-03,338,1779.1
2020,2020-12-04,339,1779.1
2020,2020-12-05,340,1779.1
2020,2020-12-06,341,1779.1
2020,2020-12-07,342,1779.1
2020,2020-12-08,343,1779.1
2020,2020-12-09,344,1779.1
2020,2020-12-10,345,1779.1
2020,2020-12-11,346,1779.1
2020,2020-12-12,347,1779.1
2020,2020-12-13,348,1779.1
2020,2020-12-14,349,1779.1
2020,2020-12-15,350,1779.1
2020,2020-12-16,351,1779.1
2020,2020-12-17,352,1779.1
2020,2020-12-18,353,1779.1
2020,2020-12-19,354,1779.1
2020,2020-12-20,355,1779.1
2020,2020-12-21,356,1779.1
2020,2020-12-22,357,1779.1
2020,2020-12-23,358,1779.1
2020,2020-12-24,359,1779.1
2020,2020-12-25,360,1779.1
2020,2020-12-26,361,1779.1
2020,2020-12-27,362,1779.1
2020,2020-12-28,363,1779.1
2020,2020-12-29,364,1779.1
2020,2020-12-30,365,1779.1
2020,2020-12-31,366,1779.1
