date,doy,plot_id,subrep_id,year,rootdepth_cm,mean_elev_m
2018-05-08,128,2018_13,2018_13-1,2018,0,336.5055357142857
2018-05-08,128,2018_13,2018_13-2,2018,0,336.5055357142857
2018-05-08,128,2018_13,2018_13-3,2018,0,336.5055357142857
2018-05-08,128,2018_13,2018_13-4,2018,0,336.5055357142857
2018-05-08,128,2018_18,2018_18-1,2018,0,335.82869047619045
2018-05-08,128,2018_18,2018_18-2,2018,0,335.82869047619045
2018-05-08,128,2018_18,2018_18-3,2018,0,335.82869047619045
2018-05-08,128,2018_18,2018_18-4,2018,0,335.82869047619045
2018-05-08,128,2018_24,2018_24-1,2018,0,334.87589285714284
2018-05-08,128,2018_24,2018_24-2,2018,0,334.87589285714284
2018-05-08,128,2018_24,2018_24-3,2018,0,334.87589285714284
2018-05-08,128,2018_24,2018_24-4,2018,0,334.87589285714284
2018-05-08,128,2018_28,2018_28-1,2018,0,333.42857142857144
2018-05-08,128,2018_28,2018_28-2,2018,0,333.42857142857144
2018-05-08,128,2018_28,2018_28-3,2018,0,333.42857142857144
2018-05-08,128,2018_28,2018_28-4,2018,0,333.42857142857144
2018-05-08,128,2018_34,2018_34-1,2018,0,336.05315476190475
2018-05-08,128,2018_34,2018_34-2,2018,0,336.05315476190475
2018-05-08,128,2018_34,2018_34-3,2018,0,336.05315476190475
2018-05-08,128,2018_34,2018_34-4,2018,0,336.05315476190475
2018-05-08,128,2018_37,2018_37-1,2018,0,335.9992261904762
2018-05-08,128,2018_37,2018_37-2,2018,0,335.9992261904762
2018-05-08,128,2018_37,2018_37-3,2018,0,335.9992261904762
2018-05-08,128,2018_37,2018_37-4,2018,0,335.9992261904762
2018-05-08,128,2018_44,2018_44-1,2018,0,333.64369047619044
2018-05-08,128,2018_44,2018_44-2,2018,0,333.64369047619044
2018-05-08,128,2018_44,2018_44-3,2018,0,333.64369047619044
2018-05-08,128,2018_44,2018_44-4,2018,0,333.64369047619044
2018-05-08,128,2018_46,2018_46-1,2018,0,333.275
2018-05-08,128,2018_46,2018_46-2,2018,0,333.275
2018-05-08,128,2018_46,2018_46-3,2018,0,333.275
2018-05-08,128,2018_46,2018_46-4,2018,0,333.275
2018-05-28,148,2018_13,2018_13-1,2018,10.795,336.5055357142857
2018-05-28,148,2018_13,2018_13-2,2018,8.89,336.5055357142857
2018-05-28,148,2018_13,2018_13-3,2018,6.35,336.5055357142857
2018-05-28,148,2018_13,2018_13-4,2018,9.525,336.5055357142857
2018-05-28,148,2018_18,2018_18-1,2018,10.795,335.82869047619045
2018-05-28,148,2018_18,2018_18-2,2018,9.525,335.82869047619045
2018-05-28,148,2018_18,2018_18-3,2018,9.525,335.82869047619045
2018-05-28,148,2018_18,2018_18-4,2018,9.525,335.82869047619045
2018-05-28,148,2018_24,2018_24-1,2018,6.35,334.87589285714284
2018-05-28,148,2018_24,2018_24-2,2018,8.89,334.87589285714284
2018-05-28,148,2018_24,2018_24-3,2018,6.985,334.87589285714284
2018-05-28,148,2018_24,2018_24-4,2018,8.89,334.87589285714284
2018-05-28,148,2018_28,2018_28-1,2018,7.62,333.42857142857144
2018-05-28,148,2018_28,2018_28-2,2018,13.97,333.42857142857144
2018-05-28,148,2018_28,2018_28-3,2018,10.16,333.42857142857144
2018-05-28,148,2018_28,2018_28-4,2018,10.795,333.42857142857144
2018-05-28,148,2018_34,2018_34-1,2018,9.525,336.05315476190475
2018-05-28,148,2018_34,2018_34-2,2018,8.255,336.05315476190475
2018-05-28,148,2018_34,2018_34-3,2018,9.525,336.05315476190475
2018-05-28,148,2018_34,2018_34-4,2018,6.985,336.05315476190475
2018-05-28,148,2018_37,2018_37-1,2018,5.715,335.9992261904762
2018-05-28,148,2018_37,2018_37-2,2018,10.16,335.9992261904762
2018-05-28,148,2018_37,2018_37-3,2018,12.065,335.9992261904762
2018-05-28,148,2018_37,2018_37-4,2018,9.525,335.9992261904762
2018-05-28,148,2018_44,2018_44-1,2018,8.89,333.64369047619044
2018-05-28,148,2018_44,2018_44-2,2018,10.795,333.64369047619044
2018-05-28,148,2018_44,2018_44-3,2018,7.62,333.64369047619044
2018-05-28,148,2018_44,2018_44-4,2018,8.89,333.64369047619044
2018-05-28,148,2018_46,2018_46-1,2018,7.62,333.275
2018-05-28,148,2018_46,2018_46-2,2018,10.16,333.275
2018-05-28,148,2018_46,2018_46-3,2018,7.62,333.275
2018-05-28,148,2018_46,2018_46-4,2018,8.89,333.275
2018-06-04,155,2018_13,2018_13-1,2018,14.605,336.5055357142857
2018-06-04,155,2018_13,2018_13-2,2018,27.305,336.5055357142857
2018-06-04,155,2018_13,2018_13-3,2018,17.145,336.5055357142857
2018-06-04,155,2018_13,2018_13-4,2018,14.605,336.5055357142857
2018-06-04,155,2018_18,2018_18-1,2018,24.13,335.82869047619045
2018-06-04,155,2018_18,2018_18-2,2018,24.13,335.82869047619045
2018-06-04,155,2018_18,2018_18-3,2018,15.24,335.82869047619045
2018-06-04,155,2018_18,2018_18-4,2018,20.32,335.82869047619045
2018-06-04,155,2018_24,2018_24-1,2018,30.48,334.87589285714284
2018-06-04,155,2018_24,2018_24-2,2018,20.955000000000002,334.87589285714284
2018-06-04,155,2018_24,2018_24-3,2018,16.51,334.87589285714284
2018-06-04,155,2018_24,2018_24-4,2018,11.43,334.87589285714284
2018-06-04,155,2018_28,2018_28-1,2018,25.4,333.42857142857144
2018-06-04,155,2018_28,2018_28-2,2018,24.13,333.42857142857144
2018-06-04,155,2018_28,2018_28-3,2018,21.59,333.42857142857144
2018-06-04,155,2018_28,2018_28-4,2018,26.67,333.42857142857144
2018-06-04,155,2018_34,2018_34-1,2018,11.43,336.05315476190475
2018-06-04,155,2018_34,2018_34-2,2018,18.415,336.05315476190475
2018-06-04,155,2018_34,2018_34-3,2018,10.16,336.05315476190475
2018-06-04,155,2018_34,2018_34-4,2018,19.685,336.05315476190475
2018-06-04,155,2018_37,2018_37-1,2018,27.305,335.9992261904762
2018-06-04,155,2018_37,2018_37-2,2018,20.955000000000002,335.9992261904762
2018-06-04,155,2018_37,2018_37-3,2018,16.51,335.9992261904762
2018-06-04,155,2018_37,2018_37-4,2018,24.13,335.9992261904762
2018-06-04,155,2018_44,2018_44-1,2018,20.955000000000002,333.64369047619044
2018-06-04,155,2018_44,2018_44-2,2018,14.605,333.64369047619044
2018-06-04,155,2018_44,2018_44-3,2018,10.16,333.64369047619044
2018-06-04,155,2018_44,2018_44-4,2018,17.145,333.64369047619044
2018-06-04,155,2018_46,2018_46-1,2018,31.75,333.275
2018-06-04,155,2018_46,2018_46-2,2018,24.765,333.275
2018-06-04,155,2018_46,2018_46-3,2018,22.86,333.275
2018-06-04,155,2018_46,2018_46-4,2018,17.78,333.275
2018-07-16,197,2018_13,2018_13-1,2018,48.26,336.5055357142857
2018-07-16,197,2018_13,2018_13-2,2018,63.5,336.5055357142857
2018-07-16,197,2018_13,2018_13-3,2018,33.02,336.5055357142857
2018-07-16,197,2018_13,2018_13-4,2018,43.18,336.5055357142857
2018-07-16,197,2018_18,2018_18-1,2018,93.98,335.82869047619045
2018-07-16,197,2018_18,2018_18-2,2018,52.07,335.82869047619045
2018-07-16,197,2018_18,2018_18-3,2018,35.56,335.82869047619045
2018-07-16,197,2018_18,2018_18-4,2018,63.5,335.82869047619045
2018-07-16,197,2018_24,2018_24-1,2018,30.48,334.87589285714284
2018-07-16,197,2018_24,2018_24-2,2018,22.86,334.87589285714284
2018-07-16,197,2018_24,2018_24-3,2018,63.5,334.87589285714284
2018-07-16,197,2018_24,2018_24-4,2018,43.18,334.87589285714284
2018-07-16,197,2018_28,2018_28-1,2018,58.42,333.42857142857144
2018-07-16,197,2018_28,2018_28-2,2018,58.42,333.42857142857144
2018-07-16,197,2018_28,2018_28-3,2018,68.58,333.42857142857144
2018-07-16,197,2018_28,2018_28-4,2018,48.26,333.42857142857144
2018-07-16,197,2018_34,2018_34-1,2018,33.02,336.05315476190475
2018-07-16,197,2018_34,2018_34-2,2018,33.02,336.05315476190475
2018-07-16,197,2018_34,2018_34-3,2018,43.18,336.05315476190475
2018-07-16,197,2018_34,2018_34-4,2018,45.72,336.05315476190475
2018-07-16,197,2018_37,2018_37-1,2018,60.96,335.9992261904762
2018-07-16,197,2018_37,2018_37-2,2018,55.88,335.9992261904762
2018-07-16,197,2018_37,2018_37-3,2018,45.72,335.9992261904762
2018-07-16,197,2018_37,2018_37-4,2018,45.72,335.9992261904762
2018-07-16,197,2018_44,2018_44-1,2018,50.8,333.64369047619044
2018-07-16,197,2018_44,2018_44-2,2018,68.58,333.64369047619044
2018-07-16,197,2018_44,2018_44-3,2018,68.58,333.64369047619044
2018-07-16,197,2018_44,2018_44-4,2018,71.12,333.64369047619044
2018-07-16,197,2018_46,2018_46-1,2018,43.18,333.275
2018-07-16,197,2018_46,2018_46-2,2018,33.02,333.275
2018-07-16,197,2018_46,2018_46-3,2018,33.02,333.275
2018-07-16,197,2018_46,2018_46-4,2018,22.86,333.275
2018-07-23,204,2018_13,2018_13-1,2018,58.42,336.5055357142857
2018-07-23,204,2018_13,2018_13-2,2018,50.8,336.5055357142857
2018-07-23,204,2018_13,2018_13-3,2018,55.88,336.5055357142857
2018-07-23,204,2018_13,2018_13-4,2018,50.8,336.5055357142857
2018-07-23,204,2018_18,2018_18-1,2018,58.42,335.82869047619045
2018-07-23,204,2018_18,2018_18-2,2018,48.26,335.82869047619045
2018-07-23,204,2018_18,2018_18-3,2018,76.2,335.82869047619045
2018-07-23,204,2018_18,2018_18-4,2018,60.96,335.82869047619045
2018-07-23,204,2018_24,2018_24-1,2018,30.48,334.87589285714284
2018-07-23,204,2018_24,2018_24-2,2018,38.1,334.87589285714284
2018-07-23,204,2018_24,2018_24-3,2018,60.96,334.87589285714284
2018-07-23,204,2018_24,2018_24-4,2018,43.18,334.87589285714284
2018-07-23,204,2018_28,2018_28-1,2018,66.04,333.42857142857144
2018-07-23,204,2018_28,2018_28-2,2018,45.72,333.42857142857144
2018-07-23,204,2018_28,2018_28-3,2018,48.26,333.42857142857144
2018-07-23,204,2018_28,2018_28-4,2018,53.34,333.42857142857144
2018-07-23,204,2018_34,2018_34-1,2018,43.18,336.05315476190475
2018-07-23,204,2018_34,2018_34-2,2018,43.18,336.05315476190475
2018-07-23,204,2018_34,2018_34-3,2018,40.64,336.05315476190475
2018-07-23,204,2018_34,2018_34-4,2018,40.64,336.05315476190475
2018-07-23,204,2018_37,2018_37-1,2018,68.58,335.9992261904762
2018-07-23,204,2018_37,2018_37-2,2018,73.66,335.9992261904762
2018-07-23,204,2018_37,2018_37-3,2018,60.96,335.9992261904762
2018-07-23,204,2018_37,2018_37-4,2018,66.04,335.9992261904762
2018-07-23,204,2018_44,2018_44-1,2018,50.8,333.64369047619044
2018-07-23,204,2018_44,2018_44-2,2018,55.88,333.64369047619044
2018-07-23,204,2018_44,2018_44-3,2018,66.04,333.64369047619044
2018-07-23,204,2018_44,2018_44-4,2018,55.88,333.64369047619044
2018-07-23,204,2018_46,2018_46-1,2018,50.8,333.275
2018-07-23,204,2018_46,2018_46-2,2018,58.42,333.275
2018-07-23,204,2018_46,2018_46-3,2018,66.04,333.275
2018-07-23,204,2018_46,2018_46-4,2018,30.48,333.275
2018-07-31,212,2018_13,2018_13-1,2018,40.64,336.5055357142857
2018-07-31,212,2018_13,2018_13-2,2018,43.18,336.5055357142857
2018-07-31,212,2018_13,2018_13-3,2018,33.02,336.5055357142857
2018-07-31,212,2018_13,2018_13-4,2018,40.64,336.5055357142857
2018-07-31,212,2018_18,2018_18-1,2018,48.26,335.82869047619045
2018-07-31,212,2018_18,2018_18-2,2018,53.34,335.82869047619045
2018-07-31,212,2018_18,2018_18-3,2018,55.88,335.82869047619045
2018-07-31,212,2018_18,2018_18-4,2018,78.74,335.82869047619045
2018-07-31,212,2018_24,2018_24-1,2018,43.18,334.87589285714284
2018-07-31,212,2018_24,2018_24-2,2018,40.64,334.87589285714284
2018-07-31,212,2018_24,2018_24-3,2018,38.1,334.87589285714284
2018-07-31,212,2018_24,2018_24-4,2018,50.8,334.87589285714284
2018-07-31,212,2018_28,2018_28-1,2018,48.26,333.42857142857144
2018-07-31,212,2018_28,2018_28-2,2018,50.8,333.42857142857144
2018-07-31,212,2018_28,2018_28-3,2018,58.42,333.42857142857144
2018-07-31,212,2018_28,2018_28-4,2018,48.26,333.42857142857144
2018-07-31,212,2018_34,2018_34-1,2018,38.1,336.05315476190475
2018-07-31,212,2018_34,2018_34-2,2018,25.4,336.05315476190475
2018-07-31,212,2018_34,2018_34-3,2018,48.26,336.05315476190475
2018-07-31,212,2018_34,2018_34-4,2018,50.8,336.05315476190475
2018-07-31,212,2018_37,2018_37-1,2018,66.04,335.9992261904762
2018-07-31,212,2018_37,2018_37-2,2018,63.5,335.9992261904762
2018-07-31,212,2018_37,2018_37-3,2018,71.12,335.9992261904762
2018-07-31,212,2018_37,2018_37-4,2018,73.66,335.9992261904762
2018-07-31,212,2018_44,2018_44-1,2018,60.96,333.64369047619044
2018-07-31,212,2018_44,2018_44-2,2018,60.96,333.64369047619044
2018-07-31,212,2018_44,2018_44-3,2018,48.26,333.64369047619044
2018-07-31,212,2018_44,2018_44-4,2018,48.26,333.64369047619044
2018-07-31,212,2018_46,2018_46-1,2018,30.48,333.275
2018-07-31,212,2018_46,2018_46-2,2018,48.26,333.275
2018-07-31,212,2018_46,2018_46-3,2018,40.64,333.275
2018-07-31,212,2018_46,2018_46-4,2018,55.88,333.275
2019-06-03,154,2019_12,2019_12-1,2019,0,336.62934523809525
2019-06-03,154,2019_19,2019_19-1,2019,0,335.4581122448979
2019-06-03,154,2019_21,2019_21-1,2019,0,335.33809523809526
2019-06-03,154,2019_27,2019_27-1,2019,0,333.6951785714285
2019-06-03,154,2019_31,2019_31-1,2019,0,336.1857738095238
2019-06-03,154,2019_35,2019_35-1,2019,0,336.26946428571426
2019-06-03,154,2019_43,2019_43-1,2019,0,333.7427380952381
2019-06-03,154,2019_45,2019_45-1,2019,0,333.5181547619047
2019-06-26,177,2019_12,2019_12-1,2019,28,336.62934523809525
2019-06-26,177,2019_12,2019_12-2,2019,23,336.62934523809525
2019-06-26,177,2019_12,2019_12-3,2019,42,336.62934523809525
2019-06-26,177,2019_12,2019_12-4,2019,28,336.62934523809525
2019-06-26,177,2019_19,2019_19-1,2019,18,335.4581122448979
2019-06-26,177,2019_19,2019_19-2,2019,19,335.4581122448979
2019-06-26,177,2019_19,2019_19-3,2019,12,335.4581122448979
2019-06-26,177,2019_19,2019_19-4,2019,14,335.4581122448979
2019-06-26,177,2019_21,2019_21-1,2019,39,335.33809523809526
2019-06-26,177,2019_21,2019_21-2,2019,29,335.33809523809526
2019-06-26,177,2019_21,2019_21-3,2019,28,335.33809523809526
2019-06-26,177,2019_21,2019_21-4,2019,NA,335.33809523809526
2019-06-26,177,2019_27,2019_27-1,2019,26,333.6951785714285
2019-06-26,177,2019_27,2019_27-2,2019,8,333.6951785714285
2019-06-26,177,2019_27,2019_27-3,2019,8,333.6951785714285
2019-06-26,177,2019_27,2019_27-4,2019,11,333.6951785714285
2019-06-26,177,2019_31,2019_31-1,2019,31,336.1857738095238
2019-06-26,177,2019_31,2019_31-2,2019,23,336.1857738095238
2019-06-26,177,2019_31,2019_31-3,2019,22,336.1857738095238
2019-06-26,177,2019_31,2019_31-4,2019,24,336.1857738095238
2019-06-26,177,2019_35,2019_35-1,2019,21,336.26946428571426
2019-06-26,177,2019_35,2019_35-2,2019,22,336.26946428571426
2019-06-26,177,2019_35,2019_35-3,2019,19,336.26946428571426
2019-06-26,177,2019_35,2019_35-4,2019,27,336.26946428571426
2019-06-26,177,2019_43,2019_43-1,2019,15,333.7427380952381
2019-06-26,177,2019_43,2019_43-2,2019,13,333.7427380952381
2019-06-26,177,2019_43,2019_43-3,2019,18,333.7427380952381
2019-06-26,177,2019_43,2019_43-4,2019,NA,333.7427380952381
2019-06-26,177,2019_45,2019_45-1,2019,9,333.5181547619047
2019-06-26,177,2019_45,2019_45-2,2019,20,333.5181547619047
2019-06-26,177,2019_45,2019_45-3,2019,23,333.5181547619047
2019-06-26,177,2019_45,2019_45-4,2019,7,333.5181547619047
2019-07-08,189,2019_12,2019_12-1,2019,17.78,336.62934523809525
2019-07-08,189,2019_12,2019_12-2,2019,45.72,336.62934523809525
2019-07-08,189,2019_12,2019_12-3,2019,27.94,336.62934523809525
2019-07-08,189,2019_12,2019_12-4,2019,22.86,336.62934523809525
2019-07-08,189,2019_19,2019_19-1,2019,43.18,335.4581122448979
2019-07-08,189,2019_19,2019_19-2,2019,43.18,335.4581122448979
2019-07-08,189,2019_19,2019_19-3,2019,NA,335.4581122448979
2019-07-08,189,2019_19,2019_19-4,2019,NA,335.4581122448979
2019-07-08,189,2019_21,2019_21-1,2019,27.94,335.33809523809526
2019-07-08,189,2019_21,2019_21-2,2019,NA,335.33809523809526
2019-07-08,189,2019_21,2019_21-3,2019,NA,335.33809523809526
2019-07-08,189,2019_21,2019_21-4,2019,NA,335.33809523809526
2019-07-08,189,2019_27,2019_27-1,2019,50.8,333.6951785714285
2019-07-08,189,2019_27,2019_27-2,2019,53.34,333.6951785714285
2019-07-08,189,2019_27,2019_27-3,2019,35.56,333.6951785714285
2019-07-08,189,2019_27,2019_27-4,2019,58.42,333.6951785714285
2019-07-08,189,2019_31,2019_31-1,2019,35.56,336.1857738095238
2019-07-08,189,2019_31,2019_31-2,2019,15.24,336.1857738095238
2019-07-08,189,2019_31,2019_31-3,2019,55.88,336.1857738095238
2019-07-08,189,2019_31,2019_31-4,2019,35.56,336.1857738095238
2019-07-08,189,2019_35,2019_35-1,2019,17.78,336.26946428571426
2019-07-08,189,2019_35,2019_35-2,2019,22.86,336.26946428571426
2019-07-08,189,2019_35,2019_35-3,2019,17.78,336.26946428571426
2019-07-08,189,2019_35,2019_35-4,2019,22.86,336.26946428571426
2019-07-08,189,2019_43,2019_43-1,2019,22.86,333.7427380952381
2019-07-08,189,2019_43,2019_43-2,2019,60.96,333.7427380952381
2019-07-08,189,2019_43,2019_43-3,2019,35.56,333.7427380952381
2019-07-08,189,2019_43,2019_43-4,2019,45.72,333.7427380952381
2019-07-08,189,2019_45,2019_45-1,2019,25.4,333.5181547619047
2019-07-08,189,2019_45,2019_45-2,2019,33.02,333.5181547619047
2019-07-08,189,2019_45,2019_45-3,2019,45.72,333.5181547619047
2019-07-08,189,2019_45,2019_45-4,2019,35.56,333.5181547619047
2019-07-15,196,2019_12,2019_12-1,2019,60.96,336.62934523809525
2019-07-15,196,2019_12,2019_12-2,2019,58.42,336.62934523809525
2019-07-15,196,2019_12,2019_12-3,2019,63.5,336.62934523809525
2019-07-15,196,2019_12,2019_12-4,2019,58.42,336.62934523809525
2019-07-15,196,2019_19,2019_19-1,2019,50.8,335.4581122448979
2019-07-15,196,2019_19,2019_19-2,2019,27.94,335.4581122448979
2019-07-15,196,2019_19,2019_19-3,2019,53.34,335.4581122448979
2019-07-15,196,2019_19,2019_19-4,2019,50.8,335.4581122448979
2019-07-15,196,2019_21,2019_21-1,2019,55.88,335.33809523809526
2019-07-15,196,2019_21,2019_21-2,2019,60.96,335.33809523809526
2019-07-15,196,2019_21,2019_21-3,2019,60.96,335.33809523809526
2019-07-15,196,2019_21,2019_21-4,2019,40.64,335.33809523809526
2019-07-15,196,2019_27,2019_27-1,2019,35.56,333.6951785714285
2019-07-15,196,2019_27,2019_27-2,2019,43.18,333.6951785714285
2019-07-15,196,2019_27,2019_27-3,2019,38.1,333.6951785714285
2019-07-15,196,2019_27,2019_27-4,2019,50.8,333.6951785714285
2019-07-15,196,2019_31,2019_31-1,2019,48.26,336.1857738095238
2019-07-15,196,2019_31,2019_31-2,2019,45.72,336.1857738095238
2019-07-15,196,2019_31,2019_31-3,2019,55.88,336.1857738095238
2019-07-15,196,2019_31,2019_31-4,2019,50.8,336.1857738095238
2019-07-15,196,2019_35,2019_35-1,2019,40.64,336.26946428571426
2019-07-15,196,2019_35,2019_35-2,2019,40.64,336.26946428571426
2019-07-15,196,2019_35,2019_35-3,2019,48.26,336.26946428571426
2019-07-15,196,2019_35,2019_35-4,2019,48.26,336.26946428571426
2019-07-15,196,2019_43,2019_43-1,2019,55.88,333.7427380952381
2019-07-15,196,2019_43,2019_43-2,2019,30.48,333.7427380952381
2019-07-15,196,2019_43,2019_43-3,2019,68.58,333.7427380952381
2019-07-15,196,2019_43,2019_43-4,2019,63.5,333.7427380952381
2019-07-15,196,2019_45,2019_45-1,2019,40.64,333.5181547619047
2019-07-15,196,2019_45,2019_45-2,2019,27.94,333.5181547619047
2019-07-15,196,2019_45,2019_45-3,2019,45.72,333.5181547619047
2019-07-15,196,2019_45,2019_45-4,2019,43.18,333.5181547619047
2019-07-22,203,2019_12,2019_12-1,2019,55.88,336.62934523809525
2019-07-22,203,2019_12,2019_12-2,2019,58.42,336.62934523809525
2019-07-22,203,2019_12,2019_12-3,2019,60.96,336.62934523809525
2019-07-22,203,2019_12,2019_12-4,2019,83.82000000000001,336.62934523809525
2019-07-22,203,2019_19,2019_19-1,2019,50.8,335.4581122448979
2019-07-22,203,2019_19,2019_19-2,2019,50.8,335.4581122448979
2019-07-22,203,2019_19,2019_19-3,2019,63.5,335.4581122448979
2019-07-22,203,2019_19,2019_19-4,2019,66.04,335.4581122448979
2019-07-22,203,2019_21,2019_21-1,2019,86.36,335.33809523809526
2019-07-22,203,2019_21,2019_21-2,2019,71.12,335.33809523809526
2019-07-22,203,2019_21,2019_21-3,2019,66.04,335.33809523809526
2019-07-22,203,2019_21,2019_21-4,2019,73.66,335.33809523809526
2019-07-22,203,2019_27,2019_27-1,2019,38.1,333.6951785714285
2019-07-22,203,2019_27,2019_27-2,2019,38.1,333.6951785714285
2019-07-22,203,2019_27,2019_27-3,2019,40.64,333.6951785714285
2019-07-22,203,2019_27,2019_27-4,2019,50.8,333.6951785714285
2019-07-22,203,2019_31,2019_31-1,2019,71.12,336.1857738095238
2019-07-22,203,2019_31,2019_31-2,2019,78.74,336.1857738095238
2019-07-22,203,2019_31,2019_31-3,2019,66.04,336.1857738095238
2019-07-22,203,2019_31,2019_31-4,2019,99.06,336.1857738095238
2019-07-22,203,2019_35,2019_35-1,2019,68.58,336.26946428571426
2019-07-22,203,2019_35,2019_35-2,2019,55.88,336.26946428571426
2019-07-22,203,2019_35,2019_35-3,2019,58.42,336.26946428571426
2019-07-22,203,2019_35,2019_35-4,2019,43.18,336.26946428571426
2019-07-22,203,2019_43,2019_43-1,2019,63.5,333.7427380952381
2019-07-22,203,2019_43,2019_43-2,2019,58.42,333.7427380952381
2019-07-22,203,2019_43,2019_43-3,2019,66.04,333.7427380952381
2019-07-22,203,2019_43,2019_43-4,2019,68.58,333.7427380952381
2019-07-22,203,2019_45,2019_45-1,2019,60.96,333.5181547619047
2019-07-22,203,2019_45,2019_45-2,2019,66.04,333.5181547619047
2019-07-22,203,2019_45,2019_45-3,2019,50.8,333.5181547619047
2019-07-22,203,2019_45,2019_45-4,2019,60.96,333.5181547619047
2019-07-31,212,2019_12,2019_12-1,2019,76.2,336.62934523809525
2019-07-31,212,2019_12,2019_12-2,2019,86.36,336.62934523809525
2019-07-31,212,2019_12,2019_12-3,2019,78.74,336.62934523809525
2019-07-31,212,2019_12,2019_12-4,2019,101.6,336.62934523809525
2019-07-31,212,2019_19,2019_19-1,2019,76.2,335.4581122448979
2019-07-31,212,2019_19,2019_19-2,2019,71.12,335.4581122448979
2019-07-31,212,2019_19,2019_19-3,2019,63.5,335.4581122448979
2019-07-31,212,2019_19,2019_19-4,2019,76.2,335.4581122448979
2019-07-31,212,2019_21,2019_21-1,2019,78.74,335.33809523809526
2019-07-31,212,2019_21,2019_21-2,2019,88.9,335.33809523809526
2019-07-31,212,2019_21,2019_21-3,2019,73.66,335.33809523809526
2019-07-31,212,2019_21,2019_21-4,2019,60.96,335.33809523809526
2019-07-31,212,2019_27,2019_27-1,2019,71.12,333.6951785714285
2019-07-31,212,2019_27,2019_27-2,2019,68.58,333.6951785714285
2019-07-31,212,2019_27,2019_27-3,2019,71.12,333.6951785714285
2019-07-31,212,2019_27,2019_27-4,2019,73.66,333.6951785714285
2019-07-31,212,2019_31,2019_31-1,2019,81.28,336.1857738095238
2019-07-31,212,2019_31,2019_31-2,2019,93.98,336.1857738095238
2019-07-31,212,2019_31,2019_31-3,2019,78.74,336.1857738095238
2019-07-31,212,2019_31,2019_31-4,2019,96.52,336.1857738095238
2019-07-31,212,2019_35,2019_35-1,2019,48.26,336.26946428571426
2019-07-31,212,2019_35,2019_35-2,2019,76.2,336.26946428571426
2019-07-31,212,2019_35,2019_35-3,2019,96.52,336.26946428571426
2019-07-31,212,2019_35,2019_35-4,2019,68.58,336.26946428571426
2019-07-31,212,2019_43,2019_43-1,2019,63.5,333.7427380952381
2019-07-31,212,2019_43,2019_43-2,2019,73.66,333.7427380952381
2019-07-31,212,2019_43,2019_43-3,2019,73.66,333.7427380952381
2019-07-31,212,2019_43,2019_43-4,2019,83.82000000000001,333.7427380952381
2019-07-31,212,2019_45,2019_45-1,2019,63.5,333.5181547619047
2019-07-31,212,2019_45,2019_45-2,2019,71.12,333.5181547619047
2019-07-31,212,2019_45,2019_45-3,2019,73.66,333.5181547619047
2019-07-31,212,2019_45,2019_45-4,2019,78.74,333.5181547619047
2019-08-19,231,2019_12,2019_12-1,2019,119.38,336.62934523809525
2019-08-19,231,2019_12,2019_12-2,2019,101.6,336.62934523809525
2019-08-19,231,2019_12,2019_12-3,2019,111.76,336.62934523809525
2019-08-19,231,2019_12,2019_12-4,2019,NA,336.62934523809525
2019-08-19,231,2019_19,2019_19-1,2019,96.52,335.4581122448979
2019-08-19,231,2019_19,2019_19-2,2019,99.06,335.4581122448979
2019-08-19,231,2019_19,2019_19-3,2019,91.44,335.4581122448979
2019-08-19,231,2019_19,2019_19-4,2019,91.44,335.4581122448979
2019-08-19,231,2019_21,2019_21-1,2019,116.84,335.33809523809526
2019-08-19,231,2019_21,2019_21-2,2019,121.92,335.33809523809526
2019-08-19,231,2019_21,2019_21-3,2019,81.28,335.33809523809526
2019-08-19,231,2019_21,2019_21-4,2019,NA,335.33809523809526
2019-08-19,231,2019_27,2019_27-1,2019,86.36,333.6951785714285
2019-08-19,231,2019_27,2019_27-2,2019,93.98,333.6951785714285
2019-08-19,231,2019_27,2019_27-3,2019,114.3,333.6951785714285
2019-08-19,231,2019_27,2019_27-4,2019,NA,333.6951785714285
2019-08-19,231,2019_31,2019_31-1,2019,104.14,336.1857738095238
2019-08-19,231,2019_31,2019_31-2,2019,116.84,336.1857738095238
2019-08-19,231,2019_31,2019_31-3,2019,NA,336.1857738095238
2019-08-19,231,2019_31,2019_31-4,2019,NA,336.1857738095238
2019-08-19,231,2019_35,2019_35-1,2019,93.98,336.26946428571426
2019-08-19,231,2019_35,2019_35-2,2019,76.2,336.26946428571426
2019-08-19,231,2019_35,2019_35-3,2019,93.98,336.26946428571426
2019-08-19,231,2019_35,2019_35-4,2019,121.92,336.26946428571426
2019-08-19,231,2019_43,2019_43-1,2019,99.06,333.7427380952381
2019-08-19,231,2019_43,2019_43-2,2019,111.76,333.7427380952381
2019-08-19,231,2019_43,2019_43-3,2019,119.38,333.7427380952381
2019-08-19,231,2019_43,2019_43-4,2019,NA,333.7427380952381
2019-08-19,231,2019_45,2019_45-1,2019,86.36,333.5181547619047
2019-08-19,231,2019_45,2019_45-2,2019,88.9,333.5181547619047
2019-08-19,231,2019_45,2019_45-3,2019,101.6,333.5181547619047
2019-08-19,231,2019_45,2019_45-4,2019,NA,333.5181547619047
2019-09-17,260,2019_12,2019_12-1,2019,106.68,336.62934523809525
2019-09-17,260,2019_12,2019_12-2,2019,86.36,336.62934523809525
2019-09-17,260,2019_12,2019_12-3,2019,99.06,336.62934523809525
2019-09-17,260,2019_12,2019_12-4,2019,NA,336.62934523809525
2019-09-17,260,2019_19,2019_19-1,2019,78.74,335.4581122448979
2019-09-17,260,2019_19,2019_19-2,2019,96.52,335.4581122448979
2019-09-17,260,2019_19,2019_19-3,2019,88.9,335.4581122448979
2019-09-17,260,2019_19,2019_19-4,2019,NA,335.4581122448979
2019-09-17,260,2019_21,2019_21-1,2019,109.22,335.33809523809526
2019-09-17,260,2019_21,2019_21-2,2019,88.9,335.33809523809526
2019-09-17,260,2019_21,2019_21-3,2019,148.59,335.33809523809526
2019-09-17,260,2019_21,2019_21-4,2019,NA,335.33809523809526
2019-09-17,260,2019_27,2019_27-1,2019,86.36,333.6951785714285
2019-09-17,260,2019_27,2019_27-2,2019,104.14,333.6951785714285
2019-09-17,260,2019_27,2019_27-3,2019,101.6,333.6951785714285
2019-09-17,260,2019_27,2019_27-4,2019,NA,333.6951785714285
2019-09-17,260,2019_31,2019_31-1,2019,104.14,336.1857738095238
2019-09-17,260,2019_31,2019_31-2,2019,104.14,336.1857738095238
2019-09-17,260,2019_31,2019_31-3,2019,83.82000000000001,336.1857738095238
2019-09-17,260,2019_31,2019_31-4,2019,NA,336.1857738095238
2019-09-17,260,2019_35,2019_35-1,2019,81.28,336.26946428571426
2019-09-17,260,2019_35,2019_35-2,2019,88.9,336.26946428571426
2019-09-17,260,2019_35,2019_35-3,2019,66.04,336.26946428571426
2019-09-17,260,2019_35,2019_35-4,2019,NA,336.26946428571426
2019-09-17,260,2019_43,2019_43-1,2019,130.81,333.7427380952381
2019-09-17,260,2019_43,2019_43-2,2019,78.74,333.7427380952381
2019-09-17,260,2019_43,2019_43-3,2019,121.92,333.7427380952381
2019-09-17,260,2019_43,2019_43-4,2019,NA,333.7427380952381
2019-09-17,260,2019_45,2019_45-1,2019,83.82000000000001,333.5181547619047
2019-09-17,260,2019_45,2019_45-2,2019,95.25,333.5181547619047
2019-09-17,260,2019_45,2019_45-3,2019,76.2,333.5181547619047
2019-09-17,260,2019_45,2019_45-4,2019,NA,333.5181547619047
2020-04-23,114,2020_13,2020_13-1,2020,0,336.5055357142857
2020-04-23,114,2020_17,2020_17-1,2020,0,336.0035119047619
2020-04-23,114,2020_22,2020_22-1,2020,0,335.3802976190476
2020-04-23,114,2020_24,2020_24-1,2020,0,334.87589285714284
2020-04-23,114,2020_34,2020_34-1,2020,0,336.05315476190475
2020-04-23,114,2020_39,2020_39-1,2020,0,334.9264285714286
2020-04-23,114,2020_41,2020_41-1,2020,0,334.1410119047619
2020-04-23,114,2020_44,2020_44-1,2020,0,333.64369047619044
2020-06-03,155,2020_13,2020_13-1,2020,7.62,336.5055357142857
2020-06-03,155,2020_13,2020_13-2,2020,7.62,336.5055357142857
2020-06-03,155,2020_13,2020_13-3,2020,5.08,336.5055357142857
2020-06-03,155,2020_13,2020_13-4,2020,7.62,336.5055357142857
2020-06-03,155,2020_17,2020_17-1,2020,25.4,336.0035119047619
2020-06-03,155,2020_17,2020_17-2,2020,15.24,336.0035119047619
2020-06-03,155,2020_17,2020_17-3,2020,7.62,336.0035119047619
2020-06-03,155,2020_17,2020_17-4,2020,10.16,336.0035119047619
2020-06-03,155,2020_22,2020_22-1,2020,7.62,335.3802976190476
2020-06-03,155,2020_22,2020_22-2,2020,10.16,335.3802976190476
2020-06-03,155,2020_22,2020_22-3,2020,13.97,335.3802976190476
2020-06-03,155,2020_22,2020_22-4,2020,12.7,335.3802976190476
2020-06-03,155,2020_24,2020_24-1,2020,7.62,334.87589285714284
2020-06-03,155,2020_24,2020_24-2,2020,5.08,334.87589285714284
2020-06-03,155,2020_24,2020_24-3,2020,5.08,334.87589285714284
2020-06-03,155,2020_24,2020_24-4,2020,5.08,334.87589285714284
2020-06-03,155,2020_34,2020_34-1,2020,7.62,336.05315476190475
2020-06-03,155,2020_34,2020_34-2,2020,5.08,336.05315476190475
2020-06-03,155,2020_34,2020_34-3,2020,7.62,336.05315476190475
2020-06-03,155,2020_34,2020_34-4,2020,5.08,336.05315476190475
2020-06-03,155,2020_39,2020_39-1,2020,12.7,334.9264285714286
2020-06-03,155,2020_39,2020_39-2,2020,12.7,334.9264285714286
2020-06-03,155,2020_39,2020_39-3,2020,17.78,334.9264285714286
2020-06-03,155,2020_39,2020_39-4,2020,10.16,334.9264285714286
2020-06-03,155,2020_41,2020_41-1,2020,15.24,334.1410119047619
2020-06-03,155,2020_41,2020_41-2,2020,15.24,334.1410119047619
2020-06-03,155,2020_41,2020_41-3,2020,22.86,334.1410119047619
2020-06-03,155,2020_41,2020_41-4,2020,5.08,334.1410119047619
2020-06-03,155,2020_44,2020_44-1,2020,10.16,333.64369047619044
2020-06-03,155,2020_44,2020_44-2,2020,7.62,333.64369047619044
2020-06-03,155,2020_44,2020_44-3,2020,7.62,333.64369047619044
2020-06-03,155,2020_44,2020_44-4,2020,NA,333.64369047619044
2020-06-12,164,2020_13,2020_13-1,2020,17.78,336.5055357142857
2020-06-12,164,2020_13,2020_13-2,2020,22.86,336.5055357142857
2020-06-12,164,2020_13,2020_13-3,2020,27.94,336.5055357142857
2020-06-12,164,2020_13,2020_13-4,2020,25.4,336.5055357142857
2020-06-12,164,2020_17,2020_17-1,2020,33.02,336.0035119047619
2020-06-12,164,2020_17,2020_17-2,2020,27.94,336.0035119047619
2020-06-12,164,2020_17,2020_17-3,2020,33.02,336.0035119047619
2020-06-12,164,2020_17,2020_17-4,2020,33.02,336.0035119047619
2020-06-12,164,2020_22,2020_22-1,2020,25.4,335.3802976190476
2020-06-12,164,2020_22,2020_22-2,2020,30.48,335.3802976190476
2020-06-12,164,2020_22,2020_22-3,2020,22.86,335.3802976190476
2020-06-12,164,2020_22,2020_22-4,2020,22.86,335.3802976190476
2020-06-12,164,2020_24,2020_24-1,2020,27.94,334.87589285714284
2020-06-12,164,2020_24,2020_24-2,2020,17.78,334.87589285714284
2020-06-12,164,2020_24,2020_24-3,2020,17.78,334.87589285714284
2020-06-12,164,2020_24,2020_24-4,2020,33.02,334.87589285714284
2020-06-12,164,2020_34,2020_34-1,2020,27.94,336.05315476190475
2020-06-12,164,2020_34,2020_34-2,2020,22.86,336.05315476190475
2020-06-12,164,2020_34,2020_34-3,2020,20.32,336.05315476190475
2020-06-12,164,2020_34,2020_34-4,2020,20.32,336.05315476190475
2020-06-12,164,2020_39,2020_39-1,2020,22.86,334.9264285714286
2020-06-12,164,2020_39,2020_39-2,2020,30.48,334.9264285714286
2020-06-12,164,2020_39,2020_39-3,2020,27.94,334.9264285714286
2020-06-12,164,2020_39,2020_39-4,2020,25.4,334.9264285714286
2020-06-12,164,2020_41,2020_41-1,2020,35.56,334.1410119047619
2020-06-12,164,2020_41,2020_41-2,2020,20.32,334.1410119047619
2020-06-12,164,2020_41,2020_41-3,2020,27.94,334.1410119047619
2020-06-12,164,2020_41,2020_41-4,2020,NA,334.1410119047619
2020-06-12,164,2020_44,2020_44-1,2020,17.78,333.64369047619044
2020-06-12,164,2020_44,2020_44-2,2020,17.78,333.64369047619044
2020-06-12,164,2020_44,2020_44-3,2020,27.94,333.64369047619044
2020-06-12,164,2020_44,2020_44-4,2020,30.48,333.64369047619044
2020-06-17,169,2020_13,2020_13-1,2020,25.4,336.5055357142857
2020-06-17,169,2020_13,2020_13-2,2020,33.02,336.5055357142857
2020-06-17,169,2020_13,2020_13-3,2020,30.48,336.5055357142857
2020-06-17,169,2020_13,2020_13-4,2020,30.48,336.5055357142857
2020-06-17,169,2020_17,2020_17-1,2020,27.94,336.0035119047619
2020-06-17,169,2020_17,2020_17-2,2020,33.02,336.0035119047619
2020-06-17,169,2020_17,2020_17-3,2020,35.56,336.0035119047619
2020-06-17,169,2020_17,2020_17-4,2020,35.56,336.0035119047619
2020-06-17,169,2020_22,2020_22-1,2020,22.86,335.3802976190476
2020-06-17,169,2020_22,2020_22-2,2020,40.64,335.3802976190476
2020-06-17,169,2020_22,2020_22-3,2020,38.1,335.3802976190476
2020-06-17,169,2020_22,2020_22-4,2020,40.64,335.3802976190476
2020-06-17,169,2020_24,2020_24-1,2020,22.86,334.87589285714284
2020-06-17,169,2020_24,2020_24-2,2020,22.86,334.87589285714284
2020-06-17,169,2020_24,2020_24-3,2020,38.1,334.87589285714284
2020-06-17,169,2020_24,2020_24-4,2020,35.56,334.87589285714284
2020-06-17,169,2020_34,2020_34-1,2020,40.64,336.05315476190475
2020-06-17,169,2020_34,2020_34-2,2020,30.48,336.05315476190475
2020-06-17,169,2020_34,2020_34-3,2020,20.32,336.05315476190475
2020-06-17,169,2020_34,2020_34-4,2020,30.48,336.05315476190475
2020-06-17,169,2020_39,2020_39-1,2020,33.02,334.9264285714286
2020-06-17,169,2020_39,2020_39-2,2020,30.48,334.9264285714286
2020-06-17,169,2020_39,2020_39-3,2020,33.02,334.9264285714286
2020-06-17,169,2020_39,2020_39-4,2020,27.94,334.9264285714286
2020-06-17,169,2020_41,2020_41-1,2020,38.1,334.1410119047619
2020-06-17,169,2020_41,2020_41-2,2020,22.86,334.1410119047619
2020-06-17,169,2020_41,2020_41-3,2020,40.64,334.1410119047619
2020-06-17,169,2020_41,2020_41-4,2020,35.56,334.1410119047619
2020-06-17,169,2020_44,2020_44-1,2020,40.64,333.64369047619044
2020-06-17,169,2020_44,2020_44-2,2020,30.48,333.64369047619044
2020-06-17,169,2020_44,2020_44-3,2020,25.4,333.64369047619044
2020-06-17,169,2020_44,2020_44-4,2020,33.02,333.64369047619044
2020-06-24,176,2020_13,2020_13-1,2020,58.42,336.5055357142857
2020-06-24,176,2020_13,2020_13-2,2020,55.88,336.5055357142857
2020-06-24,176,2020_13,2020_13-3,2020,53.34,336.5055357142857
2020-06-24,176,2020_13,2020_13-4,2020,50.8,336.5055357142857
2020-06-24,176,2020_17,2020_17-1,2020,81.28,336.0035119047619
2020-06-24,176,2020_17,2020_17-2,2020,66.04,336.0035119047619
2020-06-24,176,2020_17,2020_17-3,2020,68.58,336.0035119047619
2020-06-24,176,2020_17,2020_17-4,2020,78.74,336.0035119047619
2020-06-24,176,2020_22,2020_22-1,2020,63.5,335.3802976190476
2020-06-24,176,2020_22,2020_22-2,2020,71.12,335.3802976190476
2020-06-24,176,2020_22,2020_22-3,2020,83.82000000000001,335.3802976190476
2020-06-24,176,2020_22,2020_22-4,2020,NA,335.3802976190476
2020-06-24,176,2020_24,2020_24-1,2020,68.58,334.87589285714284
2020-06-24,176,2020_24,2020_24-2,2020,43.18,334.87589285714284
2020-06-24,176,2020_24,2020_24-3,2020,55.88,334.87589285714284
2020-06-24,176,2020_24,2020_24-4,2020,NA,334.87589285714284
2020-06-24,176,2020_34,2020_34-1,2020,58.42,336.05315476190475
2020-06-24,176,2020_34,2020_34-2,2020,50.8,336.05315476190475
2020-06-24,176,2020_34,2020_34-3,2020,55.88,336.05315476190475
2020-06-24,176,2020_34,2020_34-4,2020,55.88,336.05315476190475
2020-06-24,176,2020_39,2020_39-1,2020,58.42,334.9264285714286
2020-06-24,176,2020_39,2020_39-2,2020,58.42,334.9264285714286
2020-06-24,176,2020_39,2020_39-3,2020,NA,334.9264285714286
2020-06-24,176,2020_39,2020_39-4,2020,NA,334.9264285714286
2020-06-24,176,2020_41,2020_41-1,2020,76.2,334.1410119047619
2020-06-24,176,2020_41,2020_41-2,2020,71.12,334.1410119047619
2020-06-24,176,2020_41,2020_41-3,2020,68.58,334.1410119047619
2020-06-24,176,2020_41,2020_41-4,2020,NA,334.1410119047619
2020-06-24,176,2020_44,2020_44-1,2020,50.8,333.64369047619044
2020-06-24,176,2020_44,2020_44-2,2020,63.5,333.64369047619044
2020-06-24,176,2020_44,2020_44-3,2020,45.72,333.64369047619044
2020-06-24,176,2020_44,2020_44-4,2020,NA,333.64369047619044
2020-07-02,184,2020_13,2020_13-1,2020,53.34,336.5055357142857
2020-07-02,184,2020_13,2020_13-2,2020,58.42,336.5055357142857
2020-07-02,184,2020_13,2020_13-3,2020,53.34,336.5055357142857
2020-07-02,184,2020_13,2020_13-4,2020,63.5,336.5055357142857
2020-07-02,184,2020_17,2020_17-1,2020,63.5,336.0035119047619
2020-07-02,184,2020_17,2020_17-2,2020,68.58,336.0035119047619
2020-07-02,184,2020_17,2020_17-3,2020,58.42,336.0035119047619
2020-07-02,184,2020_17,2020_17-4,2020,66.04,336.0035119047619
2020-07-02,184,2020_22,2020_22-1,2020,66.04,335.3802976190476
2020-07-02,184,2020_22,2020_22-2,2020,60.96,335.3802976190476
2020-07-02,184,2020_22,2020_22-3,2020,63.5,335.3802976190476
2020-07-02,184,2020_22,2020_22-4,2020,73.66,335.3802976190476
2020-07-02,184,2020_24,2020_24-1,2020,55.88,334.87589285714284
2020-07-02,184,2020_24,2020_24-2,2020,58.42,334.87589285714284
2020-07-02,184,2020_24,2020_24-3,2020,55.88,334.87589285714284
2020-07-02,184,2020_24,2020_24-4,2020,60.96,334.87589285714284
2020-07-02,184,2020_34,2020_34-1,2020,60.96,336.05315476190475
2020-07-02,184,2020_34,2020_34-2,2020,55.88,336.05315476190475
2020-07-02,184,2020_34,2020_34-3,2020,66.04,336.05315476190475
2020-07-02,184,2020_34,2020_34-4,2020,53.34,336.05315476190475
2020-07-02,184,2020_39,2020_39-1,2020,63.5,334.9264285714286
2020-07-02,184,2020_39,2020_39-2,2020,60.96,334.9264285714286
2020-07-02,184,2020_39,2020_39-3,2020,66.04,334.9264285714286
2020-07-02,184,2020_39,2020_39-4,2020,73.66,334.9264285714286
2020-07-02,184,2020_41,2020_41-1,2020,63.5,334.1410119047619
2020-07-02,184,2020_41,2020_41-2,2020,58.42,334.1410119047619
2020-07-02,184,2020_41,2020_41-3,2020,68.58,334.1410119047619
2020-07-02,184,2020_41,2020_41-4,2020,73.66,334.1410119047619
2020-07-02,184,2020_44,2020_44-1,2020,66.04,333.64369047619044
2020-07-02,184,2020_44,2020_44-2,2020,66.04,333.64369047619044
2020-07-02,184,2020_44,2020_44-3,2020,63.5,333.64369047619044
2020-07-02,184,2020_44,2020_44-4,2020,63.5,333.64369047619044
2020-07-10,192,2020_13,2020_13-1,2020,NA,336.5055357142857
2020-07-10,192,2020_13,2020_13-2,2020,NA,336.5055357142857
2020-07-10,192,2020_13,2020_13-3,2020,NA,336.5055357142857
2020-07-10,192,2020_13,2020_13-4,2020,NA,336.5055357142857
2020-07-10,192,2020_17,2020_17-1,2020,NA,336.0035119047619
2020-07-10,192,2020_17,2020_17-2,2020,NA,336.0035119047619
2020-07-10,192,2020_17,2020_17-3,2020,NA,336.0035119047619
2020-07-10,192,2020_17,2020_17-4,2020,NA,336.0035119047619
2020-07-10,192,2020_22,2020_22-1,2020,NA,335.3802976190476
2020-07-10,192,2020_22,2020_22-2,2020,NA,335.3802976190476
2020-07-10,192,2020_22,2020_22-3,2020,NA,335.3802976190476
2020-07-10,192,2020_22,2020_22-4,2020,NA,335.3802976190476
2020-07-10,192,2020_24,2020_24-1,2020,NA,334.87589285714284
2020-07-10,192,2020_24,2020_24-2,2020,NA,334.87589285714284
2020-07-10,192,2020_24,2020_24-3,2020,NA,334.87589285714284
2020-07-10,192,2020_24,2020_24-4,2020,NA,334.87589285714284
2020-07-10,192,2020_34,2020_34-1,2020,NA,336.05315476190475
2020-07-10,192,2020_34,2020_34-2,2020,NA,336.05315476190475
2020-07-10,192,2020_34,2020_34-3,2020,NA,336.05315476190475
2020-07-10,192,2020_34,2020_34-4,2020,NA,336.05315476190475
2020-07-10,192,2020_39,2020_39-1,2020,NA,334.9264285714286
2020-07-10,192,2020_39,2020_39-2,2020,NA,334.9264285714286
2020-07-10,192,2020_39,2020_39-3,2020,NA,334.9264285714286
2020-07-10,192,2020_39,2020_39-4,2020,NA,334.9264285714286
2020-07-10,192,2020_41,2020_41-1,2020,83.82000000000001,334.1410119047619
2020-07-10,192,2020_41,2020_41-2,2020,NA,334.1410119047619
2020-07-10,192,2020_41,2020_41-3,2020,NA,334.1410119047619
2020-07-10,192,2020_41,2020_41-4,2020,NA,334.1410119047619
2020-07-10,192,2020_44,2020_44-1,2020,83.82000000000001,333.64369047619044
2020-07-10,192,2020_44,2020_44-2,2020,91.44,333.64369047619044
2020-07-10,192,2020_44,2020_44-3,2020,NA,333.64369047619044
2020-07-10,192,2020_44,2020_44-4,2020,NA,333.64369047619044
2020-07-17,199,2020_13,2020_13-1,2020,104.14,336.5055357142857
2020-07-17,199,2020_13,2020_13-2,2020,78.74,336.5055357142857
2020-07-17,199,2020_13,2020_13-3,2020,99.06,336.5055357142857
2020-07-17,199,2020_13,2020_13-4,2020,71.12,336.5055357142857
2020-07-17,199,2020_17,2020_17-1,2020,NA,336.0035119047619
2020-07-17,199,2020_17,2020_17-2,2020,NA,336.0035119047619
2020-07-17,199,2020_17,2020_17-3,2020,NA,336.0035119047619
2020-07-17,199,2020_17,2020_17-4,2020,NA,336.0035119047619
2020-07-17,199,2020_22,2020_22-1,2020,NA,335.3802976190476
2020-07-17,199,2020_22,2020_22-2,2020,NA,335.3802976190476
2020-07-17,199,2020_22,2020_22-3,2020,NA,335.3802976190476
2020-07-17,199,2020_22,2020_22-4,2020,NA,335.3802976190476
2020-07-17,199,2020_24,2020_24-1,2020,NA,334.87589285714284
2020-07-17,199,2020_24,2020_24-2,2020,NA,334.87589285714284
2020-07-17,199,2020_24,2020_24-3,2020,NA,334.87589285714284
2020-07-17,199,2020_24,2020_24-4,2020,NA,334.87589285714284
2020-07-17,199,2020_34,2020_34-1,2020,81.28,336.05315476190475
2020-07-17,199,2020_34,2020_34-2,2020,104.14,336.05315476190475
2020-07-17,199,2020_34,2020_34-3,2020,88.9,336.05315476190475
2020-07-17,199,2020_34,2020_34-4,2020,NA,336.05315476190475
2020-07-17,199,2020_39,2020_39-1,2020,91.44,334.9264285714286
2020-07-17,199,2020_39,2020_39-2,2020,86.36,334.9264285714286
2020-07-17,199,2020_39,2020_39-3,2020,NA,334.9264285714286
2020-07-17,199,2020_39,2020_39-4,2020,NA,334.9264285714286
2020-07-17,199,2020_41,2020_41-1,2020,101.6,334.1410119047619
2020-07-17,199,2020_41,2020_41-2,2020,91.44,334.1410119047619
2020-07-17,199,2020_41,2020_41-3,2020,106.68,334.1410119047619
2020-07-17,199,2020_41,2020_41-4,2020,NA,334.1410119047619
2020-07-17,199,2020_44,2020_44-1,2020,71.12,333.64369047619044
2020-07-17,199,2020_44,2020_44-2,2020,73.66,333.64369047619044
2020-07-17,199,2020_44,2020_44-3,2020,101.6,333.64369047619044
2020-07-17,199,2020_44,2020_44-4,2020,60.96,333.64369047619044
2020-09-21,265,2020_13,2020_13-1,2020,71.12,336.5055357142857
2020-09-21,265,2020_13,2020_13-2,2020,30.48,336.5055357142857
2020-09-21,265,2020_13,2020_13-3,2020,NA,336.5055357142857
2020-09-21,265,2020_13,2020_13-4,2020,NA,336.5055357142857
2020-09-21,265,2020_17,2020_17-1,2020,60.96,336.0035119047619
2020-09-21,265,2020_17,2020_17-2,2020,35.56,336.0035119047619
2020-09-21,265,2020_17,2020_17-3,2020,50.8,336.0035119047619
2020-09-21,265,2020_17,2020_17-4,2020,27.94,336.0035119047619
2020-09-21,265,2020_22,2020_22-1,2020,63.5,335.3802976190476
2020-09-21,265,2020_22,2020_22-2,2020,58.42,335.3802976190476
2020-09-21,265,2020_22,2020_22-3,2020,45.72,335.3802976190476
2020-09-21,265,2020_22,2020_22-4,2020,48.26,335.3802976190476
2020-09-21,265,2020_24,2020_24-1,2020,33.02,334.87589285714284
2020-09-21,265,2020_24,2020_24-2,2020,48.26,334.87589285714284
2020-09-21,265,2020_24,2020_24-3,2020,38.1,334.87589285714284
2020-09-21,265,2020_24,2020_24-4,2020,58.42,334.87589285714284
2020-09-21,265,2020_34,2020_34-1,2020,38.1,336.05315476190475
2020-09-21,265,2020_34,2020_34-2,2020,58.42,336.05315476190475
2020-09-21,265,2020_34,2020_34-3,2020,38.1,336.05315476190475
2020-09-21,265,2020_34,2020_34-4,2020,73.66,336.05315476190475
2020-09-21,265,2020_39,2020_39-1,2020,20.32,334.9264285714286
2020-09-21,265,2020_39,2020_39-2,2020,76.2,334.9264285714286
2020-09-21,265,2020_39,2020_39-3,2020,63.5,334.9264285714286
2020-09-21,265,2020_39,2020_39-4,2020,60.96,334.9264285714286
2020-09-21,265,2020_41,2020_41-1,2020,48.26,334.1410119047619
2020-09-21,265,2020_41,2020_41-2,2020,45.72,334.1410119047619
2020-09-21,265,2020_41,2020_41-3,2020,43.18,334.1410119047619
2020-09-21,265,2020_41,2020_41-4,2020,45.72,334.1410119047619
2020-09-21,265,2020_44,2020_44-1,2020,68.58,333.64369047619044
2020-09-21,265,2020_44,2020_44-2,2020,68.58,333.64369047619044
2020-09-21,265,2020_44,2020_44-3,2020,35.56,333.64369047619044
2020-09-21,265,2020_44,2020_44-4,2020,78.74,333.64369047619044
