"data conglomerated from ""data_Corn2013_WO"" and ""data_Corn2014_WO""",,,,,,,,
"4 plants per sample, taken from randomly assigned subplots",,,,,,,,
,,,,,,,,
,,,,,,,,
date,plot,system,organ,mass_g,totC_g,totN_g,CN_ratio,N_prct
5/20/2014,13,2,plant,0.21,0.097902,0.0089271,10.96683133,4.251
5/20/2014,24,2,plant,0.24,0.1104,0.0106632,10.35336484,4.443
5/20/2014,34,2,plant,0.2,0.09344,0.008728,10.70577452,4.364
5/20/2014,44,2,plant,0.22,0.10263,0.009856,10.41294643,4.48
5/20/2014,11,3,plant,0.2,,,,
5/20/2014,23,3,plant,0.2,0.09222,0.008472,10.88526912,4.236
5/20/2014,38,3,plant,0.21,0.094269,0.0081984,11.49846311,3.904
5/20/2014,48,3,plant,0.24,0.11304,0.0096672,11.69314796,4.028
5/20/2014,18,4,plant,0.18,0.084888,0.0079776,10.64079422,4.432
5/20/2014,28,4,plant,0.24,0.111408,0.0100728,11.06028115,4.197
5/20/2014,37,4,plant,0.15,0.069345,0.006921,10.01950585,4.614
5/20/2014,46,4,plant,0.17,0.080886,0.0074103,10.91534756,4.359
5/30/2014,13,2,plant,3.09,,,,
5/30/2014,24,2,plant,3.78,1.708182,0.149121,11.45500634,3.945
5/30/2014,34,2,plant,2.47,1.085318,0.093119,11.65517241,3.77
5/30/2014,44,2,plant,4.15,1.86999,0.154297,12.11941904,3.718
5/30/2014,11,3,plant,2.98,1.335934,0.0998598,13.37809609,3.351
5/30/2014,23,3,plant,4.85,2.19608,0.184882,11.87827912,3.812
5/30/2014,38,3,plant,3.61,1.626305,0.1305376,12.4585177,3.616
5/30/2014,48,3,plant,2.58,1.198152,0.0902484,13.2761578,3.498
5/30/2014,18,4,plant,3.49,1.586205,0.1335274,11.87924726,3.826
5/30/2014,28,4,plant,4.54,2.050264,0.182962,11.20595533,4.03
5/30/2014,37,4,plant,3.07,1.408209,0.1207431,11.66285278,3.933
5/30/2014,46,4,plant,4.26,1.940856,0.1650324,11.76045431,3.874
6/18/2014,13,2,plant,39.624176,36.9594,2.664776,13.86960855,3.297990099
6/18/2014,24,2,plant,31.366988,29.22854,2.138448,13.66810883,3.28992
6/18/2014,34,2,plant,32.43192,30.42626,2.00566,15.17019834,2.9495
6/18/2014,44,2,plant,37.145886,34.86897,2.276916,15.31412226,2.907938697
6/18/2014,11,3,plant,32.298703,30.34466,1.954043,15.52916696,2.983271756
6/18/2014,23,3,plant,47.689197,44.52893,3.160267,14.09024301,3.147676295
6/18/2014,38,3,plant,39.941371,37.27204,2.669331,13.96306415,3.216061446
6/18/2014,48,3,plant,31.425416,29.44458,1.980836,14.86472378,3.03343951
6/18/2014,18,4,plant,34.247478,32.03448,2.212998,14.47560278,3.086468619
6/18/2014,28,4,plant,47.25936,44.34201,2.91735,15.19941385,2.937915408
6/18/2014,37,4,plant,36.19633,33.78768,2.40865,14.02764204,3.181836196
6/18/2014,46,4,plant,35.93029,33.626,2.30429,14.59278129,3.105512129
6/26/2014,13,2,plant,92.206974,87.13242,5.074554,17.17045872,2.640246618
6/26/2014,24,2,plant,103.383403,97.65823,5.725173,17.05769066,2.632263448
6/26/2014,34,2,plant,96.349654,91.6276,4.722054,19.40418301,2.29448688
6/26/2014,44,2,plant,98.876221,93.85425,5.021971,18.68872799,2.413248919
6/26/2014,11,3,plant,0,,,,
6/26/2014,23,3,plant,102.88924,97.48744,5.4018,18.04721389,2.456480218
6/26/2014,38,3,plant,116.895648,110.93978,5.955868,18.62697091,2.376643256
6/26/2014,48,3,plant,100.315705,95.13167,5.184035,18.35089269,2.416799534
6/26/2014,18,4,plant,111.054359,105.4828,5.571559,18.93236704,2.358831075
6/26/2014,28,4,plant,121.029,115.392,5.637,20.47046301,2.172254335
6/26/2014,37,4,plant,118.11226,111.64163,6.47063,17.25359509,2.55655077
6/26/2014,46,4,plant,109.977555,103.94483,6.032725,17.23016216,2.572590618
7/11/2014,13,2,plant,228.6938292,192.6756753,6.535142257,29.48301165,1.570785805
7/11/2014,24,2,plant,233.3533929,198.2495182,7.072386487,28.03148818,1.632222282
7/11/2014,34,2,plant,0,,,,
7/11/2014,44,2,plant,261.0228458,224.1433538,7.674947893,29.20454405,1.560513397
7/11/2014,11,3,plant,233.0978781,196.1405529,6.423770698,30.53355453,1.490594206
7/11/2014,23,3,plant,272.8569368,235.0691218,7.852593303,29.93522174,1.513707641
7/11/2014,38,3,plant,242.23062,206.7721832,7.35844208,28.09999467,1.617334556
7/11/2014,48,3,plant,236.7324713,196.7525634,5.74756317,34.23234467,1.330653538
7/11/2014,18,4,plant,241.0476341,204.9744826,7.066453499,29.006698,1.556155285
7/11/2014,28,4,plant,265.3371099,228.224936,7.780956933,29.33121697,1.541663756
7/11/2014,37,4,plant,241.4178865,207.3845552,7.951217251,26.08211405,1.748250895
7/11/2014,46,4,plant,234.8156271,198.6794266,6.7642593,29.37194122,1.551635634
7/23/2014,13,2,plant,385.8889062,340.271608,9.393625239,36.2236729,1.256513401
7/23/2014,24,2,plant,375.2207075,328.5746154,8.646879613,37.99921245,1.218541146
7/23/2014,34,2,plant,339.4324451,289.4190736,6.678694628,43.33467687,1.047654817
7/23/2014,44,2,plant,370.0730554,323.7645098,8.58183859,37.72670698,1.206163886
7/23/2014,11,3,plant,400.7124318,355.5448408,10.15467735,35.01291361,1.29482827
7/23/2014,23,3,plant,389.6939593,344.0879237,9.540676504,36.06535905,1.262102384
7/23/2014,38,3,plant,349.1590726,307.0811084,9.396058934,32.68190531,1.38535269
7/23/2014,48,3,plant,395.0111111,347.8883325,9.165183795,37.95759477,1.199802098
7/23/2014,18,4,plant,347.5890189,302.9623887,8.351880996,36.27474923,1.235957409
7/23/2014,28,4,plant,421.6588148,374.5905239,10.14513957,36.92315136,1.238991594
7/23/2014,37,4,plant,364.0031858,321.4468198,9.818939909,32.73742612,1.391850153
7/23/2014,46,4,plant,405.6418396,355.3888338,8.514690401,41.73831544,1.074176109
8/2/2014,13,2,plant,498.7,448.9607855,12.4619343,36.02657297,1.264058569
8/2/2014,24,2,plant,435.9,382.2884794,8.719605508,43.84240538,1.046303888
8/2/2014,34,2,plant,420.7,362.3616888,7.21720034,50.20806847,0.902559667
8/2/2014,44,2,plant,426.9,373.5945598,8.538361464,43.75483065,1.045875839
8/2/2014,11,3,plant,451.5,397.6455628,9.108160785,43.65816241,1.051772285
8/2/2014,23,3,plant,516.4,465.5562477,12.57446748,37.02393351,1.222597858
8/2/2014,38,3,plant,492.5,441.93243,11.75695522,37.58902043,1.21267658
8/2/2014,48,3,plant,440.1,384.7453948,8.36860051,45.97487888,0.991268425
8/2/2014,18,4,plant,459.3,409.1013398,10.68245181,38.29657715,1.191669325
8/2/2014,28,4,plant,501.3,448.7010021,11.10798808,40.39444397,1.123475641
8/2/2014,37,4,plant,485.5,436.370902,12.25172445,35.61710056,1.281939815
8/2/2014,46,4,plant,408.3,352.4123873,7.40854455,47.56836987,0.955563142
8/17/2014,13,2,plant,549.7,491.9287568,10.66545623,46.12355498,1.007428604
8/17/2014,24,2,plant,472.1,409.5575736,7.570466149,54.09938643,0.858654948
8/17/2014,34,2,plant,517.7,455.2309356,8.586364764,53.01788919,0.872398264
8/17/2014,44,2,plant,502.7,439.4616034,8.101296181,54.24583839,0.853530374
8/17/2014,11,3,plant,512.2,442.6435909,7.186421554,61.59443718,0.749338563
8/17/2014,23,3,plant,571.5,511.9032906,10.67674966,47.94561144,0.962446998
8/17/2014,38,3,plant,505.5,450.9303615,10.50100425,42.94164163,1.078866475
8/17/2014,48,3,plant,609.1,543.217704,9.840365554,55.20300044,0.841889378
8/17/2014,18,4,plant,542.5,477.6207801,8.62216852,55.39450766,0.831819875
8/17/2014,28,4,plant,500.1,440.0138631,8.713316418,50.49901117,0.912136781
8/17/2014,37,4,plant,514.4,458.9229914,10.43233493,43.99043882,1.049622363
8/17/2014,46,4,plant,563.9,497.5888491,8.773386848,56.71570828,0.812523729
9/8/2014,13,2,plant,597.0,531.155375,9.5923604,55.37275007,0.844732544
9/8/2014,24,2,plant,655.4,584.917662,9.76163436,59.92005441,0.776001587
9/8/2014,34,2,plant,657.7,583.165585,8.99036245,64.86563676,0.718682797
9/8/2014,44,2,plant,669.1,601.92632,10.8603094,55.42441728,0.838957852
9/8/2014,11,3,plant,641.6,573.965728,10.127456,56.67422579,0.818499337
9/8/2014,23,3,plant,664.5,599.147609,11.2496445,53.25924824,0.869578067
9/8/2014,38,3,plant,678.3,615.261506,12.3818805,49.69047359,0.93468612
9/8/2014,48,3,plant,664.7,588.876848,8.88847162,66.25175544,0.696692424
9/8/2014,18,4,plant,611.9,546.000117,9.89377841,55.18620838,0.821244462
9/8/2014,28,4,plant,689.8,629.191168,13.6937819,45.94721696,1.007925887
9/8/2014,37,4,plant,688.7,624.851372,12.3711818,50.50862416,0.922162723
9/8/2014,46,4,plant,720.7,646.059652,10.13459752,63.74793382,0.729811294
9/22/2014,13,2,plant,697.5,626.29453,10.4413291,59.98226126,0.776641905
9/22/2014,24,2,plant,684.7,610.939284,9.64218466,63.36108523,0.734889004
9/22/2014,34,2,plant,724.4,648.290126,9.88933329,65.55448249,0.706719165
9/22/2014,44,2,plant,0.0,,,,
9/22/2014,11,3,plant,693.3,618.151577,9.52411479,64.90383523,0.713347374
9/22/2014,23,3,plant,786.5,716.9158,12.8098696,55.96589367,0.833775041
9/22/2014,38,3,plant,723.3,652.12291,10.9692028,59.45034675,0.781226608
9/22/2014,48,3,plant,632.7,559.230618,8.73959954,63.98812845,0.715668414
9/22/2014,18,4,plant,708.6,639.801568,11.2936432,56.651477,0.824185072
9/22/2014,28,4,plant,753.9,689.634972,13.9876617,49.30309202,0.945291116
9/22/2014,37,4,plant,732.2,668.149696,13.4639332,49.62514936,0.932812321
9/22/2014,46,4,plant,0.0,,,,
5/20/2014,13,2,leaf,,,,,
5/20/2014,24,2,leaf,,,,,
5/20/2014,34,2,leaf,,,,,
5/20/2014,44,2,leaf,,,,,
5/20/2014,11,3,leaf,,,,,
5/20/2014,23,3,leaf,,,,,
5/20/2014,38,3,leaf,,,,,
5/20/2014,48,3,leaf,,,,,
5/20/2014,18,4,leaf,,,,,
5/20/2014,28,4,leaf,,,,,
5/20/2014,37,4,leaf,,,,,
5/20/2014,46,4,leaf,,,,,
5/30/2014,13,2,leaf,,,,,
5/30/2014,24,2,leaf,,,,,
5/30/2014,34,2,leaf,,,,,
5/30/2014,44,2,leaf,,,,,
5/30/2014,11,3,leaf,,,,,
5/30/2014,23,3,leaf,,,,,
5/30/2014,38,3,leaf,,,,,
5/30/2014,48,3,leaf,,,,,
5/30/2014,18,4,leaf,,,,,
5/30/2014,28,4,leaf,,,,,
5/30/2014,37,4,leaf,,,,,
5/30/2014,46,4,leaf,,,,,
6/18/2014,13,2,leaf,53.1,24.89328,1.847349,13.47513653,3.479
6/18/2014,24,2,leaf,42.8,19.89344,1.421388,13.9957844,3.321
6/18/2014,34,2,leaf,44.2,20.26128,1.351636,14.99018967,3.058
6/18/2014,44,2,leaf,50.7,23.11413,1.589952,14.53762755,3.136
6/18/2014,11,3,leaf,44.8,20.54528,1.39328,14.74598071,3.11
6/18/2014,23,3,leaf,64.9,30.12658,2.137157,14.09656848,3.293
6/18/2014,38,3,leaf,53.9,25.12279,1.823976,13.77364066,3.384
6/18/2014,48,3,leaf,43.4,20.19402,1.40399,14.38330757,3.235
6/18/2014,18,4,leaf,48.3,22.0731,1.546566,14.27232979,3.202
6/18/2014,28,4,leaf,66,30.4326,2.02158,15.05386876,3.063
6/18/2014,37,4,leaf,50.1,23.16624,1.716426,13.49678926,3.426
6/18/2014,46,4,leaf,49.8,23.22672,1.62597,14.2848392,3.265
6/26/2014,13,2,leaf,109.4,50.50998,3.108054,16.25131996,2.841
6/26/2014,24,2,leaf,116.6,53.85754,3.395392,15.86195055,2.912
6/26/2014,34,2,leaf,112.4,51.95128,2.733568,19.00493421,2.432
6/26/2014,44,2,leaf,110.8,51.5774,3.06916,16.80505415,2.77
6/26/2014,11,3,leaf,136.8,,,,
6/26/2014,23,3,leaf,119.5,55.209,3.3938,16.26760563,2.84
6/26/2014,38,3,leaf,135.5,61.8151,3.719475,16.61930783,2.745
6/26/2014,48,3,leaf,118.9,54.44431,3.432643,15.86075511,2.887
6/26/2014,18,4,leaf,128.5,59.22565,3.47464,17.04511834,2.704
6/26/2014,28,4,leaf,137.5,62.81,3.3495,18.75205255,2.436
6/26/2014,37,4,leaf,137.5,62.82375,3.74825,16.76082172,2.726
6/26/2014,46,4,leaf,125.8,57.77994,3.781548,15.27944112,3.006
7/11/2014,13,2,leaf,141.7406061,65.20067879,5.026121891,12.97236323,3.546
7/11/2014,24,2,leaf,151.4938182,68.64184902,5.031109702,13.64348088,3.321
7/11/2014,34,2,leaf,143.3813333,64.89439147,4.255557973,15.24932615,2.968
7/11/2014,44,2,leaf,164.8019394,73.99607079,5.014923016,14.75517581,3.043
7/11/2014,11,3,leaf,147.0273939,66.3975711,4.513740994,14.71009772,3.07
7/11/2014,23,3,leaf,172.2763636,78.43742836,5.642050909,13.90229008,3.275
7/11/2014,38,3,leaf,150.3088485,68.66108199,5.247281901,13.08507591,3.491
7/11/2014,48,3,leaf,154.9575758,70.49020121,4.94934497,14.24232937,3.194
7/11/2014,18,4,leaf,155.2310303,70.7077343,4.900643627,14.42825467,3.157
7/11/2014,28,4,leaf,164.8930909,75.04284567,5.098494371,14.71862872,3.092
7/11/2014,37,4,leaf,156.3248485,71.20596848,5.174352485,13.76132931,3.31
7/11/2014,46,4,leaf,152.7699394,69.77003132,4.816836189,14.48461782,3.153
7/23/2014,13,2,leaf,173.9,78.09181553,4.440276282,17.58715237,2.553
7/23/2014,24,2,leaf,167.6,76.27327342,4.416173928,17.27134725,2.635
7/23/2014,34,2,leaf,157.4,69.11884935,3.140334877,22.01002506,1.995
7/23/2014,44,2,leaf,160.7,72.1080127,4.02814712,17.90103751,2.506
7/23/2014,11,3,leaf,178.6038773,78.85361182,4.040019704,19.51812555,2.262
7/23/2014,23,3,leaf,183.4,82.229384,4.132563064,19.89791389,2.253
7/23/2014,38,3,leaf,168.0,75.88101483,4.539760582,16.71476138,2.703
7/23/2014,48,3,leaf,179.4,80.83349442,4.284695322,18.86563416,2.389
7/23/2014,18,4,leaf,173.6,77.66770565,4.378896566,17.73682124,2.523
7/23/2014,28,4,leaf,194.3,86.55922142,4.459111406,19.41176471,2.295
7/23/2014,37,4,leaf,170.0,77.09628779,4.372473036,17.63219285,2.572
7/23/2014,46,4,leaf,180.3,79.29123575,3.890643173,20.37998146,2.158
8/2/2014,13,2,leaf,178.6,81.45889667,5.15793233,15.79293629,2.888
8/2/2014,24,2,leaf,156.3,70.2322721,3.525678813,19.92021277,2.256
8/2/2014,34,2,leaf,146.2,64.59101349,2.807033633,23.01041667,1.92
8/2/2014,44,2,leaf,149.7,65.71179333,3.258646335,20.16536518,2.177
8/2/2014,11,3,leaf,161.1,72.47245846,4.049694612,17.89578361,2.514
8/2/2014,23,3,leaf,190.3,85.6281025,4.813368998,17.78964017,2.529
8/2/2014,38,3,leaf,178.0,78.89825215,4.699715381,16.78787879,2.64
8/2/2014,48,3,leaf,165.6,72.84833048,3.502482813,20.79905437,2.115
8/2/2014,18,4,leaf,164.4,74.58223761,4.457184407,16.73303835,2.712
8/2/2014,28,4,leaf,190.7,81.89384308,4.008869543,20.42816365,2.102
8/2/2014,37,4,leaf,175.8,79.26795703,4.489917105,17.65465936,2.554
8/2/2014,46,4,leaf,144.3,64.29293479,3.309916917,19.42433493,2.293
8/17/2014,13,2,leaf,149.0746583,67.76933966,3.31989264,20.41311181,2.227
8/17/2014,24,2,leaf,121.7988045,54.52932477,2.109555294,25.84872979,1.732
8/17/2014,34,2,leaf,136.0529405,61.44150792,2.334668459,26.31701632,1.716
8/17/2014,44,2,leaf,131.7161224,58.65318931,2.563195742,22.88283659,1.946
8/17/2014,11,3,leaf,129.7,57.95977335,1.986451292,29.17754569,1.532
8/17/2014,23,3,leaf,159.411758,72.24540872,3.558070438,20.3046595,2.232
8/17/2014,38,3,leaf,149.252131,68.53657856,3.335785128,20.5458613,2.235
8/17/2014,48,3,leaf,173.4222121,78.14404879,2.757413173,28.33962264,1.59
8/17/2014,18,4,leaf,147.6661401,66.58266259,2.529520981,26.32224168,1.713
8/17/2014,28,4,leaf,138.592504,62.40820456,2.630485726,23.72497366,1.898
8/17/2014,37,4,leaf,139.5249222,62.73040502,3.168610983,19.79744606,2.271
8/17/2014,46,4,leaf,145.8914129,64.67366335,2.343016092,27.60273973,1.606
9/8/2014,13,2,leaf,120.9,54.24783,1.335945,40.60633484,1.105
9/8/2014,24,2,leaf,132.9,58.86141,1.662579,35.40367706,1.251
9/8/2014,34,2,leaf,139.1,61.98296,1.2446668,49.79883773,0.8948
9/8/2014,44,2,leaf,142.1,62.32506,1.683885,37.01265823,1.185
9/8/2014,11,3,leaf,140.2,61.58986,1.536592,40.08211679,1.096
9/8/2014,23,3,leaf,136.6,61.48366,1.766238,34.81051817,1.293
9/8/2014,38,3,leaf,147.6,65.41632,2.126916,30.75641915,1.441
9/8/2014,48,3,leaf,139.1,60.81452,1.1900005,51.10461718,0.8555
9/8/2014,18,4,leaf,141.5,62.47225,1.63574,38.19204152,1.156
9/8/2014,28,4,leaf,158,69.0618,2.73024,25.29513889,1.728
9/8/2014,37,4,leaf,144.8,65.50752,2.282048,28.70558376,1.576
9/8/2014,46,4,leaf,146.4,64.50384,1.444968,44.64032421,0.987
9/22/2014,13,2,leaf,168.4,73.10244,1.6072096,45.48407376,0.9544
9/22/2014,24,2,leaf,175.3,76.93917,1.889734,40.71428571,1.078
9/22/2014,34,2,leaf,176.5,78.0483,1.325868,58.8658147,0.7512
9/22/2014,44,2,leaf,155.9,,,,
9/22/2014,11,3,leaf,164.9,70.907,1.693523,41.86952288,1.027
9/22/2014,23,3,leaf,196.7,87.64952,2.387938,36.70510708,1.214
9/22/2014,38,3,leaf,166.3,73.25515,1.815996,40.33882784,1.092
9/22/2014,48,3,leaf,163.9,61.92142,1.729145,35.81042654,1.055
9/22/2014,18,4,leaf,181.4,84.47798,1.1616856,72.72017489,0.6404
9/22/2014,28,4,leaf,192.3,84.40047,2.622972,32.17741935,1.364
9/22/2014,37,4,leaf,178.7,78.4493,2.517883,31.15684883,1.409
9/22/2014,46,4,leaf,175.5,,,,
5/20/2014,13,2,stalk,,,,,
5/20/2014,24,2,stalk,,,,,
5/20/2014,34,2,stalk,,,,,
5/20/2014,44,2,stalk,,,,,
5/20/2014,11,3,stalk,,,,,
5/20/2014,23,3,stalk,,,,,
5/20/2014,38,3,stalk,,,,,
5/20/2014,48,3,stalk,,,,,
5/20/2014,18,4,stalk,,,,,
5/20/2014,28,4,stalk,,,,,
5/20/2014,37,4,stalk,,,,,
5/20/2014,46,4,stalk,,,,,
5/30/2014,13,2,stalk,,,,,
5/30/2014,24,2,stalk,,,,,
5/30/2014,34,2,stalk,,,,,
5/30/2014,44,2,stalk,,,,,
5/30/2014,11,3,stalk,,,,,
5/30/2014,23,3,stalk,,,,,
5/30/2014,38,3,stalk,,,,,
5/30/2014,48,3,stalk,,,,,
5/30/2014,18,4,stalk,,,,,
5/30/2014,28,4,stalk,,,,,
5/30/2014,37,4,stalk,,,,,
5/30/2014,46,4,stalk,,,,,
6/18/2014,13,2,stalk,27.7,12.06612,0.817427,14.76109793,2.951
6/18/2014,24,2,stalk,22.2,9.3351,0.71706,13.01857585,3.23
6/18/2014,34,2,stalk,23.8,10.16498,0.654024,15.54221252,2.748
6/18/2014,44,2,stalk,27.6,11.75484,0.686964,17.11128967,2.489
6/18/2014,11,3,stalk,20.7,9.79938,0.560763,17.47508306,2.709
6/18/2014,23,3,stalk,35.5,14.40235,1.02311,14.07702984,2.882
6/18/2014,38,3,stalk,29.1,12.14925,0.845355,14.37177281,2.905
6/18/2014,48,3,stalk,21.9,9.25056,0.576846,16.03644647,2.634
6/18/2014,18,4,stalk,23.4,9.96138,0.666432,14.94733146,2.848
6/18/2014,28,4,stalk,33.3,13.90941,0.89577,15.52788104,2.69
6/18/2014,37,4,stalk,25.6,10.62144,0.692224,15.34393491,2.704
6/18/2014,46,4,stalk,24.4,10.39928,0.67832,15.33093525,2.78
6/26/2014,13,2,stalk,82.8,36.62244,1.9665,18.62315789,2.375
6/26/2014,24,2,stalk,100.9,43.80069,2.329781,18.80034647,2.309
6/26/2014,34,2,stalk,93.4,39.67632,1.988486,19.95302959,2.129
6/26/2014,44,2,stalk,97.3,42.27685,1.952811,21.6492277,2.007
6/26/2014,11,3,stalk,118.3,50.69155,2.187367,23.17468902,1.849
6/26/2014,23,3,stalk,100.4,42.27844,2.008,21.055,2
6/26/2014,38,3,stalk,115.1,49.12468,2.236393,21.96603191,1.943
6/26/2014,48,3,stalk,95.6,40.68736,1.751392,23.23144105,1.832
6/26/2014,18,4,stalk,107.7,46.25715,2.096919,22.05957884,1.947
6/26/2014,28,4,stalk,122,52.582,2.2875,22.98666667,1.875
6/26/2014,37,4,stalk,115.6,48.81788,2.72238,17.93205945,2.355
6/26/2014,46,4,stalk,108.7,46.16489,2.251177,20.50700145,2.071
7/11/2014,13,2,stalk,245.387729,102.9646911,6.757978056,15.23602033,2.754
7/11/2014,24,2,stalk,255.5262348,107.091045,8.250942121,12.97925054,3.229
7/11/2014,34,2,stalk,237.3128129,97.72541634,6.117924316,15.97362296,2.578
7/11/2014,44,2,stalk,300.5663225,124.2240611,7.396937197,16.79398618,2.461
7/11/2014,11,3,stalk,256.1542838,105.7661038,5.809579157,18.20546737,2.268
7/11/2014,23,3,stalk,311.4225987,121.4548135,8.726061214,13.91862955,2.802
7/11/2014,38,3,stalk,273.201329,109.5810531,7.573140839,14.46969697,2.772
7/11/2014,48,3,stalk,255.88512,104.1708323,6.458540428,16.12916006,2.524
7/11/2014,18,4,stalk,273.2910503,111.3934321,7.149293875,15.58103976,2.616
7/11/2014,28,4,stalk,303.2579612,122.0006778,7.930195686,15.38432122,2.615
7/11/2014,37,4,stalk,271.8555096,107.8722662,7.231356556,14.91729323,2.66
7/11/2014,46,4,stalk,258.0384309,106.079599,6.941233792,15.28252788,2.69
7/23/2014,13,2,stalk,392.2,179.1495958,2.298197529,77.95221843,0.586
7/23/2014,24,2,stalk,391.1,182.7513311,1.826340073,100.0642398,0.467
7/23/2014,34,2,stalk,365.6,167.4280367,1.662582339,100.703606,0.4548
7/23/2014,44,2,stalk,400.5,183.1062867,1.919572249,95.38910912,0.4793
7/23/2014,11,3,stalk,393.3,178.7360426,2.719981811,65.71221981,0.6915
7/23/2014,23,3,stalk,416.1,189.1607694,2.924377227,64.68412066,0.7028
7/23/2014,38,3,stalk,369.4,167.5713082,2.644715598,63.36080458,0.7159
7/23/2014,48,3,stalk,413.7,188.904781,1.86381086,101.3540511,0.4505
7/23/2014,18,4,stalk,379.3,168.5257889,2.052426387,82.11051562,0.5411
7/23/2014,28,4,stalk,446.0,205.4393158,2.8389519,72.36449332,0.6365
7/23/2014,37,4,stalk,386.5,175.9445399,2.889247443,60.89632107,0.7475
7/23/2014,46,4,stalk,426.2,191.2545292,1.452204549,131.6994423,0.3407
8/2/2014,13,2,stalk,418.1,188.8782911,2.256754786,83.69464517,0.5397
8/2/2014,24,2,stalk,390.7,179.0135316,1.479928541,120.9609293,0.3788
8/2/2014,34,2,stalk,389.6,176.1685582,1.191338901,147.8744277,0.3058
8/2/2014,44,2,stalk,388.4,179.3501275,1.58844093,112.9095355,0.409
8/2/2014,11,3,stalk,392.5,181.0662316,1.444447718,125.3532609,0.368
8/2/2014,23,3,stalk,452.4,202.3213903,2.709532214,74.67022875,0.5989
8/2/2014,38,3,stalk,442.4,202.8899594,2.312043018,87.75353999,0.5226
8/2/2014,48,3,stalk,396.1,182.0671933,1.248245705,145.8584576,0.3151
8/2/2014,18,4,stalk,400.1,181.3511355,2.035149407,89.10949479,0.5087
8/2/2014,28,4,stalk,456.3,209.4438282,2.817681131,74.33198381,0.6175
8/2/2014,37,4,stalk,420.7,190.9337125,2.882304028,66.24343257,0.6852
8/2/2014,46,4,stalk,373.2,169.5614022,1.222454123,138.7057387,0.3276
8/17/2014,13,2,stalk,326.3480451,155.1132259,1.401664854,110.6635623,0.4295
8/17/2014,24,2,stalk,291.4153105,138.5388386,0.934568901,148.2382289,0.3207
8/17/2014,34,2,stalk,328.5748306,155.0216051,1.199955281,129.1894852,0.3652
8/17/2014,44,2,stalk,288.27834,137.5664239,1.026847447,133.96968,0.3562
8/17/2014,11,3,stalk,306.888854,144.5753391,0.964551668,149.8886414,0.3143
8/17/2014,23,3,stalk,349.9057147,165.505403,1.666950825,99.28631402,0.4764
8/17/2014,38,3,stalk,305.9145154,144.4834256,1.926343704,75.00397014,0.6297
8/17/2014,48,3,stalk,393.9097447,186.4768731,1.190789158,156.5994046,0.3023
8/17/2014,18,4,stalk,342.2446044,160.9918619,1.130776173,142.3728814,0.3304
8/17/2014,28,4,stalk,299.2571748,140.4114664,1.350248373,103.9893617,0.4512
8/17/2014,37,4,stalk,308.9541316,145.517396,1.730761045,84.07711532,0.5602
8/17/2014,46,4,stalk,340.0049882,161.2643659,1.057755518,152.4590164,0.3111
9/8/2014,13,2,stalk,269.8,131.63542,1.0182252,129.2792793,0.3774
9/8/2014,24,2,stalk,293.7,141.21096,0.9565809,147.6205097,0.3257
9/8/2014,34,2,stalk,322.1,154.64021,0.9286143,166.5279223,0.2883
9/8/2014,44,2,stalk,337.2,159.90024,1.2739416,125.5161461,0.3778
9/8/2014,11,3,stalk,285.9,137.54649,0.8622744,159.5159151,0.3016
9/8/2014,23,3,stalk,296.3,141.77955,0.9520119,148.9262372,0.3213
9/8/2014,38,3,stalk,314.6,148.61704,1.6006848,92.84591195,0.5088
9/8/2014,48,3,stalk,312.7,150.56505,0.806766,186.627907,0.258
9/8/2014,18,4,stalk,217.1,95.3069,0.54275,175.6,0.25
9/8/2014,28,4,stalk,330.8,157.56004,1.33147,118.3354037,0.4025
9/8/2014,37,4,stalk,294.2,140.15688,1.4954186,93.72417863,0.5083
9/8/2014,46,4,stalk,341.8,163.2095,0.8206618,198.8754686,0.2401
9/22/2014,13,2,stalk,344.3,164.81641,1.1124333,148.1584649,0.3231
9/22/2014,24,2,stalk,328.5,157.9428,0.9102735,173.5113677,0.2771
9/22/2014,34,2,stalk,379.8,175.92336,1.1443374,153.7338201,0.3013
9/22/2014,44,2,stalk,311.8,149.78872,0.7947782,188.4660651,0.2549
9/22/2014,11,3,stalk,329.3,157.76763,0.9994255,157.8583196,0.3035
9/22/2014,23,3,stalk,378.9,180.50796,1.5803919,114.2172141,0.4171
9/22/2014,38,3,stalk,342.3,164.26977,1.0310076,159.3293493,0.3012
9/22/2014,48,3,stalk,319.6,153.15232,0.813382,188.2907662,0.2545
9/22/2014,18,4,stalk,370.2,174.95652,1.9035684,91.90976274,0.5142
9/22/2014,28,4,stalk,401.3,190.73789,1.9322595,98.71235722,0.4815
9/22/2014,37,4,stalk,395.1,187.47495,2.3176566,80.88987385,0.5866
9/22/2014,46,4,stalk,358.4,171.78112,0.9805824,175.1827485,0.2736
5/20/2014,13,2,cob_tassle,,,,,
5/20/2014,24,2,cob_tassle,,,,,
5/20/2014,34,2,cob_tassle,,,,,
5/20/2014,44,2,cob_tassle,,,,,
5/20/2014,11,3,cob_tassle,,,,,
5/20/2014,23,3,cob_tassle,,,,,
5/20/2014,38,3,cob_tassle,,,,,
5/20/2014,48,3,cob_tassle,,,,,
5/20/2014,18,4,cob_tassle,,,,,
5/20/2014,28,4,cob_tassle,,,,,
5/20/2014,37,4,cob_tassle,,,,,
5/20/2014,46,4,cob_tassle,,,,,
5/30/2014,13,2,cob_tassle,,,,,
5/30/2014,24,2,cob_tassle,,,,,
5/30/2014,34,2,cob_tassle,,,,,
5/30/2014,44,2,cob_tassle,,,,,
5/30/2014,11,3,cob_tassle,,,,,
5/30/2014,23,3,cob_tassle,,,,,
5/30/2014,38,3,cob_tassle,,,,,
5/30/2014,48,3,cob_tassle,,,,,
5/30/2014,18,4,cob_tassle,,,,,
5/30/2014,28,4,cob_tassle,,,,,
5/30/2014,37,4,cob_tassle,,,,,
5/30/2014,46,4,cob_tassle,,,,,
6/18/2014,13,2,cob_tassle,,,,,
6/18/2014,24,2,cob_tassle,,,,,
6/18/2014,34,2,cob_tassle,,,,,
6/18/2014,44,2,cob_tassle,,,,,
6/18/2014,11,3,cob_tassle,,,,,
6/18/2014,23,3,cob_tassle,,,,,
6/18/2014,38,3,cob_tassle,,,,,
6/18/2014,48,3,cob_tassle,,,,,
6/18/2014,18,4,cob_tassle,,,,,
6/18/2014,28,4,cob_tassle,,,,,
6/18/2014,37,4,cob_tassle,,,,,
6/18/2014,46,4,cob_tassle,,,,,
6/26/2014,13,2,cob_tassle,,,,,
6/26/2014,24,2,cob_tassle,,,,,
6/26/2014,34,2,cob_tassle,,,,,
6/26/2014,44,2,cob_tassle,,,,,
6/26/2014,11,3,cob_tassle,,,,,
6/26/2014,23,3,cob_tassle,,,,,
6/26/2014,38,3,cob_tassle,,,,,
6/26/2014,48,3,cob_tassle,,,,,
6/26/2014,18,4,cob_tassle,,,,,
6/26/2014,28,4,cob_tassle,,,,,
6/26/2014,37,4,cob_tassle,,,,,
6/26/2014,46,4,cob_tassle,,,,,
7/11/2014,13,2,cob_tassle,28.91452935,13.52043392,0.752066908,17.97770088,2.601
7/11/2014,24,2,cob_tassle,26.27794613,12.02216035,0.664569258,18.09015421,2.529
7/11/2014,34,2,cob_tassle,20.65323525,,,,
7/11/2014,44,2,cob_tassle,26.45371834,11.91210937,0.620075158,19.21075085,2.344
7/11/2014,11,3,cob_tassle,27.77200995,12.66959094,0.689023567,18.38774688,2.481
7/11/2014,23,3,cob_tassle,35.06655687,15.79748387,0.824765418,19.15391156,2.352
7/11/2014,38,3,cob_tassle,31.46322647,14.23396365,0.756375964,18.81863561,2.404
7/11/2014,48,3,cob_tassle,21.09266579,9.460060606,0.436618182,21.66666667,2.07
7/11/2014,18,4,cob_tassle,25.57485727,11.57006543,0.65573934,17.64430577,2.564
7/11/2014,28,4,cob_tassle,36.5606207,16.20366709,0.940704771,17.22502915,2.573
7/11/2014,37,4,cob_tassle,26.62949056,12.22826206,0.720061425,16.98224852,2.704
7/11/2014,46,4,cob_tassle,25.13542673,11.41399728,0.613555767,18.60303154,2.441
7/23/2014,13,2,cob_tassle,181.5,83.03019675,2.655151428,31.27136022,1.463
7/23/2014,24,2,cob_tassle,150.9,69.5500109,2.404365611,28.92655367,1.593
7/23/2014,34,2,cob_tassle,114.5,52.87218749,1.875777412,28.18681319,1.638
7/23/2014,44,2,cob_tassle,150.3,68.55021041,2.634119221,26.02395893,1.753
7/23/2014,11,3,cob_tassle,212.3,97.95518639,3.394675835,28.85553471,1.599
7/23/2014,23,3,cob_tassle,156.4,72.69777027,2.483736213,29.26952141,1.588
7/23/2014,38,3,cob_tassle,140.9,63.62878535,2.211582754,28.77070064,1.57
7/23/2014,48,3,cob_tassle,170.8,78.15005709,3.016677614,25.90600227,1.766
7/23/2014,18,4,cob_tassle,122.9,56.76889416,1.920558043,29.55854127,1.563
7/23/2014,28,4,cob_tassle,178.5,82.59198667,2.847076264,29.00940439,1.595
7/23/2014,37,4,cob_tassle,148.9,68.40599208,2.557219429,26.7501456,1.717
7/23/2014,46,4,cob_tassle,186.1,84.84306886,3.17184268,26.74882629,1.704
8/2/2014,13,2,cob_tassle,215.8,99.9444266,2.005794646,49.82784592,0.9294
8/2/2014,24,2,cob_tassle,170.1,79.86585002,1.657378025,48.18807104,0.9741
8/2/2014,34,2,cob_tassle,162.6,75.65855745,1.519351341,49.79661743,0.9342
8/2/2014,44,2,cob_tassle,164.0,76.45583569,1.697378592,45.04347826,1.035
8/2/2014,11,3,cob_tassle,183.9,85.15482946,1.333785795,63.8444567,0.7252
8/2/2014,23,3,cob_tassle,210.1,97.69913859,2.214037671,44.12713472,1.054
8/2/2014,38,3,cob_tassle,212.3,98.10050492,2.31186864,42.43342516,1.089
8/2/2014,48,3,cob_tassle,173.1,80.06715998,1.764074292,45.38763494,1.019
8/2/2014,18,4,cob_tassle,179.8,83.73507589,1.741783097,48.07434177,0.9685
8/2/2014,28,4,cob_tassle,201.7,93.93051032,1.792283691,52.40828269,0.8886
8/2/2014,37,4,cob_tassle,205.7,94.7511487,2.046427328,46.30076397,0.9948
8/2/2014,46,4,cob_tassle,155.2,71.92836816,1.347163245,53.39246631,0.8681
8/17/2014,13,2,cob_tassle,173.439745,80.40666578,0.99328942,80.9498865,0.5727
8/17/2014,24,2,cob_tassle,130.0772532,60.66803088,0.63503715,95.53461696,0.4882
8/17/2014,34,2,cob_tassle,148.0870975,68.65317841,0.697638316,98.40798132,0.4711
8/17/2014,44,2,cob_tassle,146.1628595,67.90726451,0.543433511,124.9596557,0.3718
8/17/2014,11,3,cob_tassle,139.3130708,64.80844053,0.667727548,97.05820989,0.4793
8/17/2014,23,3,cob_tassle,164.2497783,74.96359883,0.601646938,124.5973246,0.3663
8/17/2014,38,3,cob_tassle,154.6368862,71.30306823,0.891017738,80.02429712,0.5762
8/17/2014,48,3,cob_tassle,176.2639831,82.68543445,0.878499692,94.1211878,0.4984
8/17/2014,18,4,cob_tassle,143.7386214,66.20600902,0.590478257,112.1226874,0.4108
8/17/2014,28,4,cob_tassle,135.0340274,62.1021492,0.426977595,145.4459203,0.3162
8/17/2014,37,4,cob_tassle,149.2030375,69.43909363,0.873285378,79.51477875,0.5853
8/17/2014,46,4,cob_tassle,158.8082878,72.9565274,0.821832889,88.77294686,0.5175
9/8/2014,13,2,cob_tassle,132.2,62.41162,0.5725582,109.0048488,0.4331
9/8/2014,24,2,cob_tassle,150.4,70.3872,0.5039904,139.659803,0.3351
9/8/2014,34,2,cob_tassle,138.9,65.39412,0.7426983,88.04937348,0.5347
9/8/2014,44,2,cob_tassle,148.6,70.19864,1.1364928,61.76778243,0.7648
9/8/2014,11,3,cob_tassle,147,69.3546,1.000041,69.35175658,0.6803
9/8/2014,23,3,cob_tassle,141.5,66.37765,0.878149,75.58814051,0.6206
9/8/2014,38,3,cob_tassle,157.3,74.29279,0.6148857,120.8237401,0.3909
9/8/2014,48,3,cob_tassle,142.8,67.00176,0.7662648,87.43943347,0.5366
9/8/2014,18,4,cob_tassle,146.8,67.99776,1.0038184,67.739105,0.6838
9/8/2014,28,4,cob_tassle,151.8,71.71032,1.023132,70.08902077,0.674
9/8/2014,37,4,cob_tassle,159.6,76.09728,0.6888336,110.4726599,0.4316
9/8/2014,46,4,cob_tassle,164.9,77.63492,0.872321,88.99810964,0.529
9/22/2014,13,2,cob_tassle,179.1,85.23369,0.764757,111.4519906,0.427
9/22/2014,24,2,cob_tassle,167.5,78.80875,0.744705,105.8254611,0.4446
9/22/2014,34,2,cob_tassle,182.8,86.51924,0.8940748,96.76957677,0.4891
9/22/2014,44,2,cob_tassle,168.2,79.50814,0.6827238,116.4572555,0.4059
9/22/2014,11,3,cob_tassle,178.2,83.36196,0.6591618,126.4666126,0.3699
9/22/2014,23,3,cob_tassle,189,89.1135,0.575883,154.7423695,0.3047
9/22/2014,38,3,cob_tassle,180.1,83.29625,0.5532672,150.5533854,0.3072
9/22/2014,48,3,cob_tassle,153.9,72.6408,0.6231411,116.5719931,0.4049
9/22/2014,18,4,cob_tassle,184.8,84.9156,0.7929768,107.0845957,0.4291
9/22/2014,28,4,cob_tassle,191.3,90.2936,1.0112118,89.29247068,0.5286
9/22/2014,37,4,cob_tassle,186.4,85.3712,0.7582752,112.5860374,0.4068
9/22/2014,46,4,cob_tassle,171.8,80.41958,0.7036928,114.2822266,0.4096
5/20/2014,13,2,grain,,,,,
5/20/2014,24,2,grain,,,,,
5/20/2014,34,2,grain,,,,,
5/20/2014,44,2,grain,,,,,
5/20/2014,11,3,grain,,,,,
5/20/2014,23,3,grain,,,,,
5/20/2014,38,3,grain,,,,,
5/20/2014,48,3,grain,,,,,
5/20/2014,18,4,grain,,,,,
5/20/2014,28,4,grain,,,,,
5/20/2014,37,4,grain,,,,,
5/20/2014,46,4,grain,,,,,
5/30/2014,13,2,grain,,,,,
5/30/2014,24,2,grain,,,,,
5/30/2014,34,2,grain,,,,,
5/30/2014,44,2,grain,,,,,
5/30/2014,11,3,grain,,,,,
5/30/2014,23,3,grain,,,,,
5/30/2014,38,3,grain,,,,,
5/30/2014,48,3,grain,,,,,
5/30/2014,18,4,grain,,,,,
5/30/2014,28,4,grain,,,,,
5/30/2014,37,4,grain,,,,,
5/30/2014,46,4,grain,,,,,
6/18/2014,13,2,grain,,,,,
6/18/2014,24,2,grain,,,,,
6/18/2014,34,2,grain,,,,,
6/18/2014,44,2,grain,,,,,
6/18/2014,11,3,grain,,,,,
6/18/2014,23,3,grain,,,,,
6/18/2014,38,3,grain,,,,,
6/18/2014,48,3,grain,,,,,
6/18/2014,18,4,grain,,,,,
6/18/2014,28,4,grain,,,,,
6/18/2014,37,4,grain,,,,,
6/18/2014,46,4,grain,,,,,
6/26/2014,13,2,grain,,,,,
6/26/2014,24,2,grain,,,,,
6/26/2014,34,2,grain,,,,,
6/26/2014,44,2,grain,,,,,
6/26/2014,11,3,grain,,,,,
6/26/2014,23,3,grain,,,,,
6/26/2014,38,3,grain,,,,,
6/26/2014,48,3,grain,,,,,
6/26/2014,18,4,grain,,,,,
6/26/2014,28,4,grain,,,,,
6/26/2014,37,4,grain,,,,,
6/26/2014,46,4,grain,,,,,
7/11/2014,13,2,grain,,,,,
7/11/2014,24,2,grain,,,,,
7/11/2014,34,2,grain,,,,,
7/11/2014,44,2,grain,,,,,
7/11/2014,11,3,grain,,,,,
7/11/2014,23,3,grain,,,,,
7/11/2014,38,3,grain,,,,,
7/11/2014,48,3,grain,,,,,
7/11/2014,18,4,grain,,,,,
7/11/2014,28,4,grain,,,,,
7/11/2014,37,4,grain,,,,,
7/11/2014,46,4,grain,,,,,
7/23/2014,13,2,grain,,,,,
7/23/2014,24,2,grain,,,,,
7/23/2014,34,2,grain,,,,,
7/23/2014,44,2,grain,,,,,
7/23/2014,11,3,grain,,,,,
7/23/2014,23,3,grain,,,,,
7/23/2014,38,3,grain,,,,,
7/23/2014,48,3,grain,,,,,
7/23/2014,18,4,grain,,,,,
7/23/2014,28,4,grain,,,,,
7/23/2014,37,4,grain,,,,,
7/23/2014,46,4,grain,,,,,
8/2/2014,13,2,grain,173.3,78.6791711,3.041452539,25.86894587,1.755
8/2/2014,24,2,grain,116.3,53.1768257,2.056620128,25.85641605,1.769
8/2/2014,34,2,grain,101.2,45.94355973,1.699476466,27.03394878,1.679
8/2/2014,44,2,grain,114.3,52.07680327,1.993895607,26.11811927,1.744
8/2/2014,11,3,grain,128.5,58.95204326,2.280232661,25.85352113,1.775
8/2/2014,23,3,grain,175.7,79.90761633,2.837528592,28.16099071,1.615
8/2/2014,38,3,grain,136.8,62.04371352,2.433328182,25.49747049,1.779
8/2/2014,48,3,grain,109.4,49.7627111,1.853797699,26.84365782,1.695
8/2/2014,18,4,grain,152.2,69.43289081,2.448334896,28.35922933,1.609
8/2/2014,28,4,grain,140.0,63.43282056,2.489153718,25.48368954,1.778
8/2/2014,37,4,grain,153.6,71.41808374,2.833075994,25.20867209,1.845
8/2/2014,46,4,grain,102.6,46.62968217,1.529010265,30.4966443,1.49
8/17/2014,13,2,grain,409.8186519,188.6395255,4.950609315,38.10430464,1.208
8/17/2014,24,2,grain,338.3743308,155.8213793,3.891304804,40.04347826,1.15
8/17/2014,34,2,grain,371.5104699,170.1146442,4.354102707,39.06996587,1.172
8/17/2014,44,2,grain,382.9941583,175.3347257,3.96781948,44.18918919,1.036
8/17/2014,11,3,grain,383.1694818,175.3000379,3.567691045,49.13543121,0.9311
8/17/2014,23,3,grain,435.7665281,199.18888,4.850081457,41.06918239,1.113
8/17/2014,38,3,grain,363.5332512,166.607289,4.347857685,38.31939799,1.196
8/17/2014,48,3,grain,425.2471188,195.9113476,5.013663531,39.0754877,1.179
8/17/2014,18,4,grain,402.8933742,183.8402466,4.37139311,42.05529954,1.085
8/17/2014,28,4,grain,382.3805261,175.0920429,4.305604724,40.6660746,1.126
8/17/2014,37,4,grain,396.2310817,181.2360967,4.65967752,38.89455782,1.176
8/17/2014,46,4,grain,435.0652341,198.6942924,4.550782349,43.66156788,1.046
9/8/2014,13,2,grain,612.65,282.860505,6.665632,42.43566176,1.088
9/8/2014,24,2,grain,680.94,314.458092,6.63848406,47.36896092,0.9749
9/8/2014,34,2,grain,650.85,301.148295,6.07438305,49.5767706,0.9333
9/8/2014,44,2,grain,666.6,309.50238,6.76599,45.74384236,1.015
9/8/2014,11,3,grain,664.22,305.474778,6.7285486,45.39980257,1.013
9/8/2014,23,3,grain,719.29,329.506749,7.6532456,43.05451128,1.064
9/8/2014,38,3,grain,705.21,326.935356,8.039394,40.66666667,1.14
9/8/2014,48,3,grain,681.21,310.495518,6.12544032,50.68950178,0.8992
9/8/2014,18,4,grain,699.33,320.223207,6.71147001,47.71282693,0.9597
9/8/2014,28,4,grain,718.01,330.859008,8.6089399,38.43202669,1.199
9/8/2014,37,4,grain,742.94,343.089692,7.9048816,43.40225564,1.064
9/8/2014,46,4,grain,735.56,340.711392,6.99664672,48.69638352,0.9512
9/22/2014,13,2,grain,652.62,303.14199,6.9569292,43.57410882,1.066
9/22/2014,24,2,grain,640.76,297.248564,6.09747216,48.74947457,0.9516
9/22/2014,34,2,grain,660.23,307.799226,6.52505309,47.17191136,0.9883
9/22/2014,44,2,grain,583.25,269.053225,5.9666475,45.09286413,1.023
9/22/2014,11,3,grain,662.73,306.114987,6.17200449,49.59733706,0.9313
9/22/2014,23,3,grain,771.77,359.64482,8.2656567,43.51073763,1.071
9/22/2014,38,3,grain,715.4,331.30174,7.568932,43.77126654,1.058
9/22/2014,48,3,grain,583.78,271.516078,5.57393144,48.7117721,0.9548
9/22/2014,18,4,grain,633.88,295.451468,7.4354124,39.73572038,1.173
9/22/2014,28,4,grain,694.82,324.203012,8.4212184,38.49834983,1.212
9/22/2014,37,4,grain,683.17,316.854246,7.8701184,40.26041667,1.152
9/22/2014,46,4,grain,638.72,294.386048,6.03718144,48.76216674,0.9452
6/2/2013,14,4,plant,0.47,0.208,0.020,10.549,4.19
6/2/2013,16,3,plant,0.47,0.204,0.015,13.894,3.13
6/2/2013,19,2,plant,0.37,0.159,0.019,8.324,5.17
6/2/2013,25,3,plant,0.41,0.181,0.017,10.791,4.10
6/2/2013,27,2,plant,0.38,0.162,0.014,11.494,3.71
6/2/2013,29,4,plant,0.39,0.175,0.017,10.571,4.24
6/2/2013,32,4,plant,0.42,0.179,0.014,13.173,3.24
6/2/2013,33,3,plant,0.43,0.186,0.015,12.014,3.59
6/2/2013,35,2,plant,0.37,0.162,0.019,8.670,5.04
6/2/2013,42,3,plant,0.46,0.200,0.018,11.312,3.83
6/2/2013,45,2,plant,0.42,0.182,0.019,9.746,4.45
6/2/2013,49,4,plant,0.53,0.234,0.024,9.915,4.45
6/17/2013,14,4,plant,10.29,4.357,0.423,10.302,4.11
6/17/2013,16,3,plant,7.72,3.244,0.285,11.384,3.69
6/17/2013,19,2,plant,6.14,2.621,0.263,9.967,4.28
6/17/2013,25,3,plant,8.87,3.784,0.349,10.849,3.93
6/17/2013,27,2,plant,5.27,2.149,0.221,9.709,4.20
6/17/2013,29,4,plant,11.7,5.097,0.515,9.896,4.40
6/17/2013,32,4,plant,10.56,4.528,0.426,10.619,4.04
6/17/2013,33,3,plant,9.23,3.875,0.335,11.565,3.63
6/17/2013,35,2,plant,6.02,2.593,0.253,10.265,4.20
6/17/2013,42,3,plant,7.73,3.271,0.282,11.598,3.65
6/17/2013,45,2,plant,5.87,2.556,0.249,10.264,4.24
6/17/2013,49,4,plant,14.11,5.890,0.547,10.774,3.87
7/4/2013,14,4,plant,131.49,55.312,2.788,19.842,2.120
7/4/2013,16,3,plant,117.46,49.369,2.421,20.396,2.061
7/4/2013,19,2,plant,100.26,41.980,2.833,14.819,2.825
7/4/2013,25,3,plant,164.94,67.803,3.425,19.798,2.076
7/4/2013,27,2,plant,92.62,39.302,2.824,13.919,3.049
7/4/2013,29,4,plant,180.69,77.060,3.966,19.429,2.195
7/4/2013,32,4,plant,141.83,60.946,3.496,17.431,2.465
7/4/2013,33,3,plant,142.04,60.464,2.966,20.388,2.088
7/4/2013,35,2,plant,82,35.165,2.582,13.619,3.149
7/4/2013,42,3,plant,149.2,63.824,3.253,19.623,2.180
7/4/2013,45,2,plant,83.22,35.874,2.331,15.391,2.801
7/4/2013,49,4,plant,169.74,71.316,3.840,18.571,2.262
7/24/2013,14,4,plant,488.31,212.332,5.196,40.867,1.064
7/24/2013,16,3,plant,355.94,156.724,2.787,56.233,0.783
7/24/2013,19,2,plant,308.31,134.764,3.445,39.119,1.117
7/24/2013,25,3,plant,480.13,214.312,5.306,40.394,1.105
7/24/2013,27,2,plant,320.84,142.030,3.068,46.291,0.956
7/24/2013,29,4,plant,521.82,227.603,5.951,38.247,1.140
7/24/2013,32,4,plant,450.39,199.759,4.059,49.213,0.901
7/24/2013,33,3,plant,346.39,147.543,3.328,44.332,0.961
7/24/2013,35,2,plant,289.26,129.004,3.452,37.370,1.193
7/24/2013,42,3,plant,456.32,199.768,4.708,42.427,1.032
7/24/2013,45,2,plant,319.03,140.796,3.919,35.923,1.229
7/24/2013,49,4,plant,446.52,197.254,5.979,32.991,1.339
8/4/2013,14,4,plant,683.5,300.464,7.328,41.003,1.072
8/4/2013,16,3,plant,573.5,253.066,5.471,46.258,0.954
8/4/2013,19,2,plant,472.5,208.082,4.250,48.958,0.900
8/4/2013,25,3,plant,733.5,325.486,9.220,35.302,1.257
8/4/2013,27,2,plant,527.5,232.240,6.935,33.486,1.315
8/4/2013,29,4,plant,712,315.068,8.917,35.335,1.252
8/4/2013,32,4,plant,688,304.302,7.849,38.767,1.141
8/4/2013,33,3,plant,551,242.225,5.036,48.095,0.914
8/4/2013,35,2,plant,560.5,248.237,5.818,42.668,1.038
8/4/2013,42,3,plant,571,251.288,5.212,48.209,0.913
8/4/2013,45,2,plant,522.5,227.506,5.045,45.092,0.966
8/4/2013,49,4,plant,634,278.303,6.526,42.643,1.029
8/31/2013,14,4,plant,846.5,360.270,7.352,49.003,0.869
8/31/2013,16,3,plant,722.5,308.511,5.734,53.800,0.794
8/31/2013,19,2,plant,830.5,356.495,7.098,50.226,0.855
8/31/2013,25,3,plant,844,372.743,8.183,45.553,0.969
8/31/2013,27,2,plant,747.5,324.306,6.262,51.788,0.721
8/31/2013,29,4,plant,832.5,364.980,8.450,43.195,1.015
8/31/2013,32,4,plant,838.5,364.550,6.810,53.532,0.812
8/31/2013,33,3,plant,784,335.918,7.501,44.781,0.851
8/31/2013,35,2,plant,666.5,291.086,5.196,56.018,0.780
8/31/2013,42,3,plant,857.5,373.724,7.376,50.666,0.860195102
8/31/2013,45,2,plant,832,362.144,6.785,53.376,0.815480409
8/31/2013,49,4,plant,1045,452.047,10.381,43.545,0.993413349
10/8/2013,14,4,plant,849.5,364.04,7.48,48.67,0.881
10/8/2013,16,3,plant,855.5,362.32,7.26,49.94,0.848
10/8/2013,19,2,plant,761.5,332.46,6.65,50.01,0.873
10/8/2013,25,3,plant,885,386.69,7.88,49.06,0.891
10/8/2013,27,2,plant,812,352.74,6.53,54.04,0.804
10/8/2013,29,4,plant,1148.5,499.44,10.23,48.84,0.890
10/8/2013,32,4,plant,1015,442.83,8.79,50.39,0.866
10/8/2013,33,3,plant,749,322.71,6.24,51.68,0.834
10/8/2013,35,2,plant,875,372.43,7.97,46.71,0.911
10/8/2013,42,3,plant,838,359.69,7.91,45.47,0.944
10/8/2013,45,2,plant,755.5,327.51,6.45,50.81,0.853
10/8/2013,49,4,plant,1202,521.30,11.02,47.32,0.917
6/2/2013,14,4,leaf,0.47,,,,
6/2/2013,16,3,leaf,0.47,,,,
6/2/2013,19,2,leaf,0.37,,,,
6/2/2013,25,3,leaf,0.41,,,,
6/2/2013,27,2,leaf,0.38,,,,
6/2/2013,29,4,leaf,0.39,,,,
6/2/2013,32,4,leaf,0.42,,,,
6/2/2013,33,3,leaf,0.43,,,,
6/2/2013,35,2,leaf,0.37,,,,
6/2/2013,42,3,leaf,0.46,,,,
6/2/2013,45,2,leaf,0.42,,,,
6/2/2013,49,4,leaf,0.53,,,,
6/17/2013,14,4,leaf,10.29,,,,
6/17/2013,16,3,leaf,7.72,,,,
6/17/2013,19,2,leaf,6.14,,,,
6/17/2013,25,3,leaf,8.87,,,,
6/17/2013,27,2,leaf,5.27,,,,
6/17/2013,29,4,leaf,11.7,,,,
6/17/2013,32,4,leaf,10.56,,,,
6/17/2013,33,3,leaf,9.23,,,,
6/17/2013,35,2,leaf,6.02,,,,
6/17/2013,42,3,leaf,7.73,,,,
6/17/2013,45,2,leaf,5.87,,,,
6/17/2013,49,4,leaf,14.11,,,,
7/4/2013,14,4,leaf,84.95,36.723885,2.2486265,16.33169626,2.647
7/4/2013,16,3,leaf,75.77,32.50533,1.9344081,16.80376028,2.553
7/4/2013,19,2,leaf,68.76,29.553048,1.9706616,14.99651082,2.866
7/4/2013,25,3,leaf,101.98,42.770412,2.5433812,16.81635926,2.494
7/4/2013,27,2,leaf,64.89,28.298529,2.0336526,13.91512444,3.134
7/4/2013,29,4,leaf,112.46,48.335308,2.9734424,16.25567322,2.644
7/4/2013,32,4,leaf,90.17,40.080565,2.5887807,15.48241031,2.871
7/4/2013,33,3,leaf,92.14,40.394176,2.4177536,16.70731707,2.624
7/4/2013,35,2,leaf,58.66,25.763472,1.836058,14.03194888,3.13
7/4/2013,42,3,leaf,93.26,40.75462,2.615943,15.57932264,2.805
7/4/2013,45,2,leaf,57.81,25.49421,1.6522098,15.43037089,2.858
7/4/2013,49,4,leaf,104.36,44.791312,2.9210364,15.33404787,2.799
7/24/2013,14,4,leaf,141.81,62.06434819,3.22889679,19.22153362,2.276917559
7/24/2013,16,3,leaf,108.2,47.23946125,1.487937846,31.7482759,1.37517361
7/24/2013,19,2,leaf,103.37,45.606844,1.9650637,23.20883745,1.901
7/24/2013,25,3,leaf,145.85,65.034515,2.9563795,21.99802664,2.027
7/24/2013,27,2,leaf,106.72,45.644144,1.835584,24.86627907,1.72
7/24/2013,29,4,leaf,149.19,61.660227,3.0225894,20.39980257,2.026
7/24/2013,32,4,leaf,133.09,58.852398,1.9723938,29.83805668,1.482
7/24/2013,33,3,leaf,108.94,46.724366,1.9674564,23.74861573,1.806
7/24/2013,35,2,leaf,96.24,43.077024,1.8612816,23.14374354,1.934
7/24/2013,42,3,leaf,132.39,58.158927,2.5710138,22.62100927,1.942
7/24/2013,45,2,leaf,112.84,50.653876,1.794156,28.2327044,1.59
7/24/2013,49,4,leaf,135.13,59.7540031,3.253334688,18.3670015,2.407559156
8/4/2013,14,4,leaf,159.5,69.0419416,3.337466723,20.68693034,2.092455626
8/4/2013,16,3,leaf,123,53.2228513,2.319354386,22.94726999,1.885653973
8/4/2013,19,2,leaf,108,46.82296692,1.927652164,24.29015349,1.784863114
8/4/2013,25,3,leaf,157.5,69.04756765,3.929992068,17.5693911,2.495233059
8/4/2013,27,2,leaf,123,53.3908746,2.562550929,20.83504917,2.083374739
8/4/2013,29,4,leaf,154,66.91754227,3.373387289,19.8368988,2.190511227
8/4/2013,32,4,leaf,149,64.73361794,3.540920894,18.28157699,2.376456976
8/4/2013,33,3,leaf,123.5,53.64681065,2.16412071,24.78919516,1.752324462
8/4/2013,35,2,leaf,127.5,56.10294743,2.291991413,24.47781746,1.797640324
8/4/2013,42,3,leaf,124,53.77159454,2.036274481,26.40684989,1.642156839
8/4/2013,45,2,leaf,119,51.25056232,2.203842973,23.25508803,1.851968884
8/4/2013,49,4,leaf,137.5,57.31,2.710125,21.14662608,1.971
8/31/2013,14,4,leaf,138.5,57.0343,1.9944,28.59722222,1.44
8/31/2013,16,3,leaf,109,45.0061,1.16303,38.6972821,1.067
8/31/2013,19,2,leaf,118.5,48.69165,1.906665,25.53760099,1.609
8/31/2013,25,3,leaf,134,56.9768,2.34768,24.26940639,1.752
8/31/2013,27,2,leaf,121,50.91276667,1.698436667,29.97625267,1.403666667
8/31/2013,29,4,leaf,121.5,52.42725,2.472525,21.2039312,2.035
8/31/2013,32,4,leaf,127.5,53.58825,1.66005,32.28110599,1.302
8/31/2013,33,3,leaf,118.5,47.83845,1.690995,28.29011913,1.427
8/31/2013,35,2,leaf,97,42.0592,1.19795,35.10931174,1.235
8/31/2013,42,3,leaf,125.5,53.212,1.662875,32,1.325
8/31/2013,45,2,leaf,123,51.3894,1.68141,30.56327725,1.367
8/31/2013,49,4,leaf,158,67.545,3.11102,21.71152869,1.969
10/8/2013,14,4,leaf,88.5,37.0107,0.5838345,63.39245111,0.6597
10/8/2013,16,3,leaf,98,39.004,0.545664,71.47988506,0.5568
10/8/2013,19,2,leaf,101,39.592,0.600344,65.94885599,0.5944
10/8/2013,25,3,leaf,98,41.0718,0.63014,65.17884914,0.643
10/8/2013,27,2,leaf,92,36.34,0.57408,63.30128205,0.624
10/8/2013,29,4,leaf,107,43.3564,0.890882,48.66682681,0.8326
10/8/2013,32,4,leaf,115.5,47.22795,0.857472,55.078125,0.7424
10/8/2013,33,3,leaf,91,37.1462,0.564018,65.85995482,0.6198
10/8/2013,35,2,leaf,92,37.7936,0.677304,55.80005433,0.7362
10/8/2013,42,3,leaf,88.5,34.2318,0.589233,58.09552418,0.6658
10/8/2013,45,2,leaf,80,30.728,0.47256,65.02454715,0.5907
10/8/2013,49,4,leaf,108,44.4096,1.003212,44.26741307,0.9289
6/2/2013,14,4,stalk,,,,,
6/2/2013,16,3,stalk,,,,,
6/2/2013,19,2,stalk,,,,,
6/2/2013,25,3,stalk,,,,,
6/2/2013,27,2,stalk,,,,,
6/2/2013,29,4,stalk,,,,,
6/2/2013,32,4,stalk,,,,,
6/2/2013,33,3,stalk,,,,,
6/2/2013,35,2,stalk,,,,,
6/2/2013,42,3,stalk,,,,,
6/2/2013,45,2,stalk,,,,,
6/2/2013,49,4,stalk,,,,,
6/17/2013,14,4,stalk,,,,,
6/17/2013,16,3,stalk,,,,,
6/17/2013,19,2,stalk,,,,,
6/17/2013,25,3,stalk,,,,,
6/17/2013,27,2,stalk,,,,,
6/17/2013,29,4,stalk,,,,,
6/17/2013,32,4,stalk,,,,,
6/17/2013,33,3,stalk,,,,,
6/17/2013,35,2,stalk,,,,,
6/17/2013,42,3,stalk,,,,,
6/17/2013,45,2,stalk,,,,,
6/17/2013,49,4,stalk,,,,,
7/4/2013,14,4,stalk,46.54,18.588076,0.5389332,34.49050086,1.158
7/4/2013,16,3,stalk,41.69,16.863605,0.4861054,34.69125214,1.166
7/4/2013,19,2,stalk,31.5,12.42675,0.862155,14.41359152,2.737
7/4/2013,25,3,stalk,62.96,25.032896,0.88144,28.4,1.4
7/4/2013,27,2,stalk,27.73,11.003264,0.7900277,13.92769393,2.849
7/4/2013,29,4,stalk,68.23,28.72483,0.9927465,28.9347079,1.455
7/4/2013,32,4,stalk,51.66,20.865474,0.9076662,22.98804781,1.757
7/4/2013,33,3,stalk,49.9,20.06978,0.547902,36.63023679,1.098
7/4/2013,35,2,stalk,23.34,9.401352,0.7459464,12.60325407,3.196
7/4/2013,42,3,stalk,55.94,23.069656,0.6365972,36.23901582,1.138
7/4/2013,45,2,stalk,25.41,10.379985,0.6787011,15.29389742,2.671
7/4/2013,49,4,stalk,65.38,26.524666,0.9192428,28.85490754,1.406
7/24/2013,14,4,stalk,290.86,126.0658555,0.963653622,130.8207146,0.331311841
7/24/2013,16,3,stalk,212.97,94.026255,0.74454312,126.2871854,0.3496
7/24/2013,19,2,stalk,182.02,78.687246,0.92775594,84.81459682,0.5097
7/24/2013,25,3,stalk,281.28,125.59152,1.4232768,88.24110672,0.506
7/24/2013,27,2,stalk,193.8,86.88054,0.7498122,115.8697338,0.3869
7/24/2013,29,4,stalk,286.78,128.735542,1.47749056,87.13121118,0.5152
7/24/2013,32,4,stalk,265.39,118.284323,1.23432889,95.82885401,0.4651
7/24/2013,33,3,stalk,209.73,88.610925,0.84395352,104.9950298,0.4024
7/24/2013,35,2,stalk,175.35,78.153495,1.2453357,62.75696987,0.7102
7/24/2013,42,3,stalk,270.24,118.554288,1.22797056,96.54489437,0.4544
7/24/2013,45,2,stalk,189.19,82.354407,1.73941286,47.34609528,0.9194
7/24/2013,49,4,stalk,245.58,108.4354994,1.480035996,73.2654474,0.602669597
8/4/2013,14,4,stalk,331.5,145.4625956,1.103475334,131.8222447,0.332873404
8/4/2013,16,3,stalk,291,128.8545744,0.948137585,135.9028231,0.325820476
8/4/2013,19,2,stalk,235.5,104.1192373,0.581946002,178.915633,0.247110829
8/4/2013,25,3,stalk,336.5,149.8257701,1.991027637,75.25047233,0.591687262
8/4/2013,27,2,stalk,274,121.2309731,2.294814935,52.82821339,0.837523699
8/4/2013,29,4,stalk,314,139.2563361,2.098436275,66.36195616,0.668291807
8/4/2013,32,4,stalk,316,139.6897224,1.065064033,131.1561728,0.33704558
8/4/2013,33,3,stalk,279,122.3971161,0.80717933,151.6355927,0.289311588
8/4/2013,35,2,stalk,286,127.2732839,1.41222602,90.12246065,0.493785322
8/4/2013,42,3,stalk,285.5,125.5474226,1.042663309,120.4103199,0.365206063
8/4/2013,45,2,stalk,255.5,113.3405618,1.090654496,103.9197677,0.426870644
8/4/2013,49,4,stalk,281.5,129.9404,1.2878625,100.8961749,0.4575
8/31/2013,14,4,stalk,230.5,102.96435,0.7115535,144.7035957,0.3087
8/31/2013,16,3,stalk,207.5,89.49475,0.48721,183.6882453,0.2348
8/31/2013,19,2,stalk,228.5,101.43115,0.74948,135.3353659,0.328
8/31/2013,25,3,stalk,239,108.6733,0.758347,143.3028679,0.3173
8/31/2013,27,2,stalk,224,99.71733333,0.656618667,151.8649079,0.293133333
8/31/2013,29,4,stalk,211.5,96.63435,0.9346185,103.3944331,0.4419
8/31/2013,32,4,stalk,237,107.1951,0.690381,155.2694816,0.2913
8/31/2013,33,3,stalk,222.5,97.722,0.7914325,123.4748383,0.3557
8/31/2013,35,2,stalk,189,84.1806,0.464562,181.2042311,0.2458
8/31/2013,42,3,stalk,251.5,112.1187,0.720799,155.5478018,0.2866
8/31/2013,45,2,stalk,233.5,104.1877,0.713576,146.0078534,0.3056
8/31/2013,49,4,stalk,260.5,117.3813,1.0802935,108.6568604,0.4147
10/8/2013,14,4,stalk,191,89.7509,0.992436,90.43494996,0.5196
10/8/2013,16,3,stalk,197.5,89.3885,0.8210075,108.8765937,0.4157
10/8/2013,19,2,stalk,187,86.955,1.145001,75.94316512,0.6123
10/8/2013,25,3,stalk,227,104.0795,1.441223,72.21609702,0.6349
10/8/2013,27,2,stalk,192.5,89.1275,1.0604825,84.04429116,0.5509
10/8/2013,29,4,stalk,262,118.2406,1.534272,77.06625683,0.5856
10/8/2013,32,4,stalk,244.5,113.3991,1.224456,92.61182109,0.5008
10/8/2013,33,3,stalk,171.5,81.4282,0.8864835,91.85529116,0.5169
10/8/2013,35,2,stalk,221,99.4942,1.620372,61.4020731,0.7332
10/8/2013,42,3,stalk,211.5,97.35345,1.016892,95.73627288,0.4808
10/8/2013,45,2,stalk,164,75.8336,0.682896,111.0470701,0.4164
10/8/2013,49,4,stalk,275,125.18,1.520475,82.32953518,0.5529
6/2/2013,14,4,cob_tassle,,,,,
6/2/2013,16,3,cob_tassle,,,,,
6/2/2013,19,2,cob_tassle,,,,,
6/2/2013,25,3,cob_tassle,,,,,
6/2/2013,27,2,cob_tassle,,,,,
6/2/2013,29,4,cob_tassle,,,,,
6/2/2013,32,4,cob_tassle,,,,,
6/2/2013,33,3,cob_tassle,,,,,
6/2/2013,35,2,cob_tassle,,,,,
6/2/2013,42,3,cob_tassle,,,,,
6/2/2013,45,2,cob_tassle,,,,,
6/2/2013,49,4,cob_tassle,,,,,
6/17/2013,14,4,cob_tassle,,,,,
6/17/2013,16,3,cob_tassle,,,,,
6/17/2013,19,2,cob_tassle,,,,,
6/17/2013,25,3,cob_tassle,,,,,
6/17/2013,27,2,cob_tassle,,,,,
6/17/2013,29,4,cob_tassle,,,,,
6/17/2013,32,4,cob_tassle,,,,,
6/17/2013,33,3,cob_tassle,,,,,
6/17/2013,35,2,cob_tassle,,,,,
6/17/2013,42,3,cob_tassle,,,,,
6/17/2013,45,2,cob_tassle,,,,,
6/17/2013,49,4,cob_tassle,,,,,
7/4/2013,14,4,cob_tassle,,,,,
7/4/2013,16,3,cob_tassle,,,,,
7/4/2013,19,2,cob_tassle,,,,,
7/4/2013,25,3,cob_tassle,,,,,
7/4/2013,27,2,cob_tassle,,,,,
7/4/2013,29,4,cob_tassle,,,,,
7/4/2013,32,4,cob_tassle,,,,,
7/4/2013,33,3,cob_tassle,,,,,
7/4/2013,35,2,cob_tassle,,,,,
7/4/2013,42,3,cob_tassle,,,,,
7/4/2013,45,2,cob_tassle,,,,,
7/4/2013,49,4,cob_tassle,,,,,
7/24/2013,14,4,cob_tassle,55.64,24.20154719,1.003093859,24.12690195,1.802828647
7/24/2013,16,3,cob_tassle,34.77,15.458742,0.5545815,27.87460815,1.595
7/24/2013,19,2,cob_tassle,22.92,10.469856,0.5521428,18.96222499,2.409
7/24/2013,25,3,cob_tassle,53,23.6857,0.92591,25.58099599,1.747
7/24/2013,27,2,cob_tassle,20.32,9.505696,0.4828032,19.68855219,2.376
7/24/2013,29,4,cob_tassle,85.85,37.20739,1.450865,25.64497041,1.69
7/24/2013,32,4,cob_tassle,51.91,22.622378,0.8523622,26.5408039,1.642
7/24/2013,33,3,cob_tassle,27.72,12.207888,0.5167008,23.62660944,1.864
7/24/2013,35,2,cob_tassle,17.67,7.773033,0.3454485,22.50127877,1.955
7/24/2013,42,3,cob_tassle,53.69,23.054486,0.9095086,25.34828808,1.694
7/24/2013,45,2,cob_tassle,17,7.787545891,0.38583312,20.18371539,2.26960659
7/24/2013,49,4,cob_tassle,65.81,29.0647461,1.245647191,23.33304833,1.892793179
8/4/2013,14,4,cob_tassle,192.5,85.95947742,2.886834744,29.77637622,1.499654412
8/4/2013,16,3,cob_tassle,159.5,70.98853109,2.203271758,32.21959835,1.381361604
8/4/2013,19,2,cob_tassle,129,57.13946011,1.740634096,32.82680734,1.349328756
8/4/2013,25,3,cob_tassle,239.5,106.6124003,3.298893083,32.31762825,1.377408385
8/4/2013,27,2,cob_tassle,130.5,57.61790754,2.078082097,27.72648282,1.592400074
8/4/2013,29,4,cob_tassle,244,108.8942986,3.444874382,31.61052813,1.411833763
8/4/2013,32,4,cob_tassle,223,99.87910748,3.243454628,30.79405108,1.454463959
8/4/2013,33,3,cob_tassle,148.5,66.18082438,2.065058829,32.04791236,1.390612006
8/4/2013,35,2,cob_tassle,147,64.86049759,2.113583071,30.68746077,1.437811613
8/4/2013,42,3,cob_tassle,161.5,71.96865929,2.13351662,33.7324109,1.321062922
8/4/2013,45,2,cob_tassle,148,62.9148,1.75084,35.93406593,1.183
8/4/2013,49,4,cob_tassle,215,91.0525,2.5284,36.01190476,1.176
8/31/2013,14,4,cob_tassle,116.5,49.73385,0.3500825,142.063228,0.3005
8/31/2013,16,3,cob_tassle,99.5,43.47155,0.3632745,119.665845,0.3651
8/31/2013,19,2,cob_tassle,136.5,59.03625,0.492765,119.8060942,0.361
8/31/2013,25,3,cob_tassle,118,53.8198,0.508698,105.7991185,0.4311
8/31/2013,27,2,cob_tassle,117.5,51.183,0.487155,105.065123,0.4146
8/31/2013,29,4,cob_tassle,115,51.083,0.58995,86.58869396,0.513
8/31/2013,32,4,cob_tassle,119,52.2886,0.394723,132.4690986,0.3317
8/31/2013,33,3,cob_tassle,112.5,48.87,0.4249125,115.0119142,0.3777
8/31/2013,35,2,cob_tassle,112.5,49.01625,0.39015,125.6343714,0.3468
8/31/2013,42,3,cob_tassle,136,59.5,0.613904,96.92069118,0.4514
8/31/2013,45,2,cob_tassle,131,57.2601,0.490071,116.840417,0.3741
8/31/2013,49,4,cob_tassle,154.5,67.74825,0.563616,120.2028509,0.3648
10/8/2013,14,4,cob_tassle,116,47.734,0.523972,91.1002878,0.4517
10/8/2013,16,3,cob_tassle,104.5,43.0749,0.5368165,80.24138602,0.5137
10/8/2013,19,2,cob_tassle,87.5,38.43,0.5095125,75.42503864,0.5823
10/8/2013,25,3,cob_tassle,105,44.0265,0.564585,77.98028641,0.5377
10/8/2013,27,2,cob_tassle,97,41.128,0.467734,87.93031937,0.4822
10/8/2013,29,4,cob_tassle,142.5,59.15175,0.812535,72.79901789,0.5702
10/8/2013,32,4,cob_tassle,124.5,53.6595,0.5728245,93.67528798,0.4601
10/8/2013,33,3,cob_tassle,90,38.079,0.42075,90.5026738,0.4675
10/8/2013,35,2,cob_tassle,119,50.2299,0.492422,102.0057999,0.4138
10/8/2013,42,3,cob_tassle,116.5,48.07955,0.4670485,102.9433774,0.4009
10/8/2013,45,2,cob_tassle,107.5,44.96725,0.4427925,101.5537752,0.4119
10/8/2013,49,4,cob_tassle,154,65.9582,0.752906,87.60482716,0.4889
6/2/2013,14,4,grain,,,,,
6/2/2013,16,3,grain,,,,,
6/2/2013,19,2,grain,,,,,
6/2/2013,25,3,grain,,,,,
6/2/2013,27,2,grain,,,,,
6/2/2013,29,4,grain,,,,,
6/2/2013,32,4,grain,,,,,
6/2/2013,33,3,grain,,,,,
6/2/2013,35,2,grain,,,,,
6/2/2013,42,3,grain,,,,,
6/2/2013,45,2,grain,,,,,
6/2/2013,49,4,grain,,,,,
6/17/2013,14,4,grain,,,,,
6/17/2013,16,3,grain,,,,,
6/17/2013,19,2,grain,,,,,
6/17/2013,25,3,grain,,,,,
6/17/2013,27,2,grain,,,,,
6/17/2013,29,4,grain,,,,,
6/17/2013,32,4,grain,,,,,
6/17/2013,33,3,grain,,,,,
6/17/2013,35,2,grain,,,,,
6/17/2013,42,3,grain,,,,,
6/17/2013,45,2,grain,,,,,
6/17/2013,49,4,grain,,,,,
7/4/2013,14,4,grain,,,,,
7/4/2013,16,3,grain,,,,,
7/4/2013,19,2,grain,,,,,
7/4/2013,25,3,grain,,,,,
7/4/2013,27,2,grain,,,,,
7/4/2013,29,4,grain,,,,,
7/4/2013,32,4,grain,,,,,
7/4/2013,33,3,grain,,,,,
7/4/2013,35,2,grain,,,,,
7/4/2013,42,3,grain,,,,,
7/4/2013,45,2,grain,,,,,
7/4/2013,49,4,grain,,,,,
7/24/2013,14,4,grain,,,,,
7/24/2013,16,3,grain,,,,,
7/24/2013,19,2,grain,,,,,
7/24/2013,25,3,grain,,,,,
7/24/2013,27,2,grain,,,,,
7/24/2013,29,4,grain,,,,,
7/24/2013,32,4,grain,,,,,
7/24/2013,33,3,grain,,,,,
7/24/2013,35,2,grain,,,,,
7/24/2013,42,3,grain,,,,,
7/24/2013,45,2,grain,,,,,
7/24/2013,49,4,grain,,,,,
8/4/2013,14,4,grain,,,,,
8/4/2013,16,3,grain,,,,,
8/4/2013,19,2,grain,,,,,
8/4/2013,25,3,grain,,,,,
8/4/2013,27,2,grain,,,,,
8/4/2013,29,4,grain,,,,,
8/4/2013,32,4,grain,,,,,
8/4/2013,33,3,grain,,,,,
8/4/2013,35,2,grain,,,,,
8/4/2013,42,3,grain,,,,,
8/4/2013,45,2,grain,,,,,
8/4/2013,49,4,grain,,,,,
8/31/2013,14,4,grain,361,150.537,4.2959,35.04201681,1.19
8/31/2013,16,3,grain,306.5,130.53835,3.72091,35.08237232,1.214
8/31/2013,19,2,grain,347,147.3362,3.94886,37.31107206,1.138
8/31/2013,25,3,grain,353,153.2726,4.56782,33.55486862,1.294
8/31/2013,27,2,grain,285,122.493,3.42,35.81666667,1.2
8/31/2013,29,4,grain,384.5,164.83515,4.45251,37.02072539,1.158
8/31/2013,32,4,grain,355,151.4785,4.06475,37.26637555,1.145
8/31/2013,33,3,grain,330.5,141.48705,4.59395,30.79856115,1.39
8/31/2013,35,2,grain,268,115.8296,3.14364,36.8456948,1.173
8/31/2013,42,3,grain,344.5,148.8929,4.378595,34.00472069,1.271
8/31/2013,45,2,grain,344.5,149.3063,3.89974,38.28621908,1.132
8/31/2013,49,4,grain,472,199.3728,5.62624,35.43624161,1.192
10/8/2013,14,4,grain,454,189.545,5.3799,35.23206751,1.185
10/8/2013,16,3,grain,455.5,190.8545,5.352125,35.65957447,1.175
10/8/2013,19,2,grain,386,167.4854,4.39268,38.12829525,1.138
10/8/2013,25,3,grain,455,197.5155,5.24615,37.64960971,1.153
10/8/2013,27,2,grain,430.5,186.1482,4.42554,42.06225681,1.028
10/8/2013,29,4,grain,637,278.6875,6.98789,39.88149499,1.097
10/8/2013,32,4,grain,530.5,228.5394,6.13258,37.26643599,1.156
10/8/2013,33,3,grain,396.5,166.0542,4.373395,37.96917498,1.103
10/8/2013,35,2,grain,443,184.9082,5.1831,35.67521368,1.17
10/8/2013,42,3,grain,421.5,180.02265,5.837775,30.83754513,1.385
10/8/2013,45,2,grain,404,175.9824,4.848,36.3,1.2
10/8/2013,49,4,grain,665,285.7505,7.7406,36.91580756,1.164
