year,doy,block,plot_id,rot_trt,harv_crop,depth_cm,resis_kpa
2018,130,b1,2018_13,2y,C2,0,27.57904
2018,130,b1,2018_13,2y,C2,2.54,165.47424
2018,130,b1,2018_13,2y,C2,5.08,334.39585999999997
2018,130,b1,2018_13,2y,C2,7.62,430.92249999999996
2018,130,b1,2018_13,2y,C2,10.16,606.73888
2018,130,b1,2018_13,2y,C2,12.7,651.55482
2018,130,b1,2018_13,2y,C2,15.24,734.29194
2018,130,b1,2018_13,2y,C2,17.78,758.4236
2018,130,b1,2018_13,2y,C2,20.32,789.45002
2018,130,b1,2018_13,2y,C2,22.86,796.3447799999999
2018,130,b1,2018_13,2y,C2,25.4,768.7657399999999
2018,130,b1,2018_13,2y,C2,27.94,761.87098
2018,130,b1,2018_13,2y,C2,30.48,758.4236
2018,130,b1,2018_13,2y,C2,33.02,741.1867
2018,130,b1,2018_13,2y,C2,35.56,754.97622
2018,130,b1,2018_13,2y,C2,38.1,751.52884
2018,130,b1,2018_13,2y,C2,40.64,727.3971799999999
2018,130,b1,2018_13,2y,C2,43.18,713.6076599999999
2018,130,b1,2018_13,2y,C2,45.72,710.16028
2018,130,b1,2018_18,4y,C4,0,134.44782
2018,130,b1,2018_18,4y,C4,2.54,313.71157999999997
2018,130,b1,2018_18,4y,C4,5.08,617.08102
2018,130,b1,2018_18,4y,C4,7.62,727.3971799999999
2018,130,b1,2018_18,4y,C4,10.16,720.50242
2018,130,b1,2018_18,4y,C4,12.7,682.58124
2018,130,b1,2018_18,4y,C4,15.24,661.89696
2018,130,b1,2018_18,4y,C4,17.78,655.0022
2018,130,b1,2018_18,4y,C4,20.32,613.63364
2018,130,b1,2018_18,4y,C4,22.86,672.2391
2018,130,b1,2018_18,4y,C4,25.4,703.2655199999999
2018,130,b1,2018_18,4y,C4,27.94,858.39762
2018,130,b1,2018_18,4y,C4,30.48,979.05592
2018,130,b1,2018_18,4y,C4,33.02,1075.5825599999998
2018,130,b1,2018_18,4y,C4,35.56,1106.60898
2018,130,b1,2018_18,4y,C4,38.1,1123.8458799999999
2018,130,b1,2018_18,4y,C4,40.64,1110.05636
2018,130,b1,2018_18,4y,C4,43.18,1147.9775399999999
2018,130,b1,2018_18,4y,C4,45.72,1196.2408599999999
2018,130,b2,2018_24,2y,C2,0,103.42139999999999
2018,130,b2,2018_24,2y,C2,2.54,203.01237777777777
2018,130,b2,2018_24,2y,C2,5.08,589.8850222222222
2018,130,b2,2018_24,2y,C2,7.62,823.5407777777777
2018,130,b2,2018_24,2y,C2,10.16,789.0669777777778
2018,130,b2,2018_24,2y,C2,12.7,838.8624666666666
2018,130,b2,2018_24,2y,C2,15.24,903.9796444444444
2018,130,b2,2018_24,2y,C2,17.78,972.9272444444445
2018,130,b2,2018_24,2y,C2,20.32,976.7576666666666
2018,130,b2,2018_24,2y,C2,22.86,957.6055555555555
2018,130,b2,2018_24,2y,C2,25.4,900.1492222222222
2018,130,b2,2018_24,2y,C2,27.94,946.1142888888888
2018,130,b2,2018_24,2y,C2,30.48,946.1142888888888
2018,130,b2,2018_24,2y,C2,33.02,942.2838666666667
2018,130,b2,2018_24,2y,C2,35.56,903.9796444444444
2018,130,b2,2018_24,2y,C2,38.1,915.470911111111
2018,130,b2,2018_24,2y,C2,40.64,926.9621777777777
2018,130,b2,2018_24,2y,C2,43.18,949.944711111111
2018,130,b2,2018_24,2y,C2,45.72,992.0793555555555
2018,130,b2,2018_28,4y,C4,0,27.57904
2018,130,b2,2018_28,4y,C4,2.54,93.07925999999999
2018,130,b2,2018_28,4y,C4,5.08,306.81682
2018,130,b2,2018_28,4y,C4,7.62,489.52796
2018,130,b2,2018_28,4y,C4,10.16,582.60722
2018,130,b2,2018_28,4y,C4,12.7,586.0545999999999
2018,130,b2,2018_28,4y,C4,15.24,641.21268
2018,130,b2,2018_28,4y,C4,17.78,637.7653
2018,130,b2,2018_28,4y,C4,20.32,586.0545999999999
2018,130,b2,2018_28,4y,C4,22.86,541.23866
2018,130,b2,2018_28,4y,C4,25.4,524.00176
2018,130,b2,2018_28,4y,C4,27.94,682.58124
2018,130,b2,2018_28,4y,C4,30.48,889.42404
2018,130,b2,2018_28,4y,C4,33.02,941.13474
2018,130,b2,2018_28,4y,C4,35.56,927.3452199999999
2018,130,b2,2018_28,4y,C4,38.1,930.7926
2018,130,b2,2018_28,4y,C4,40.64,992.8454399999999
2018,130,b2,2018_28,4y,C4,43.18,1058.34566
2018,130,b2,2018_28,4y,C4,45.72,1065.2404199999999
2018,130,b3,2018_34,2y,C2,0,37.92118
2018,130,b3,2018_34,2y,C2,2.54,79.28974
2018,130,b3,2018_34,2y,C2,5.08,220.63232
2018,130,b3,2018_34,2y,C2,7.62,458.50154
2018,130,b3,2018_34,2y,C2,10.16,637.7653
2018,130,b3,2018_34,2y,C2,12.7,748.08146
2018,130,b3,2018_34,2y,C2,15.24,844.6080999999999
2018,130,b3,2018_34,2y,C2,17.78,906.66094
2018,130,b3,2018_34,2y,C2,20.32,920.45046
2018,130,b3,2018_34,2y,C2,22.86,948.0295
2018,130,b3,2018_34,2y,C2,25.4,879.0818999999999
2018,130,b3,2018_34,2y,C2,27.94,865.29238
2018,130,b3,2018_34,2y,C2,30.48,844.6080999999999
2018,130,b3,2018_34,2y,C2,33.02,851.5028599999999
2018,130,b3,2018_34,2y,C2,35.56,865.29238
2018,130,b3,2018_34,2y,C2,38.1,868.7397599999999
2018,130,b3,2018_34,2y,C2,40.64,885.9766599999999
2018,130,b3,2018_34,2y,C2,43.18,879.0818999999999
2018,130,b3,2018_34,2y,C2,45.72,879.0818999999999
2018,130,b3,2018_37,4y,C4,0,141.34258
2018,130,b3,2018_37,4y,C4,2.54,268.89563999999996
2018,130,b3,2018_37,4y,C4,5.08,658.44958
2018,130,b3,2018_37,4y,C4,7.62,920.45046
2018,130,b3,2018_37,4y,C4,10.16,927.3452199999999
2018,130,b3,2018_37,4y,C4,12.7,899.76618
2018,130,b3,2018_37,4y,C4,15.24,803.23954
2018,130,b3,2018_37,4y,C4,17.78,754.97622
2018,130,b3,2018_37,4y,C4,20.32,734.29194
2018,130,b3,2018_37,4y,C4,22.86,658.44958
2018,130,b3,2018_37,4y,C4,25.4,606.73888
2018,130,b3,2018_37,4y,C4,27.94,741.1867
2018,130,b3,2018_37,4y,C4,30.48,999.7402
2018,130,b3,2018_37,4y,C4,33.02,1144.53016
2018,130,b3,2018_37,4y,C4,35.56,1144.53016
2018,130,b3,2018_37,4y,C4,38.1,1175.55658
2018,130,b3,2018_37,4y,C4,40.64,1216.9251399999998
2018,130,b3,2018_37,4y,C4,43.18,1258.2937
2018,130,b3,2018_37,4y,C4,45.72,1272.08322
2018,130,b4,2018_44,2y,C2,0,89.63188
2018,130,b4,2018_44,2y,C2,2.54,155.13209999999998
2018,130,b4,2018_44,2y,C2,5.08,310.26419999999996
2018,130,b4,2018_44,2y,C2,7.62,520.5543799999999
2018,130,b4,2018_44,2y,C2,10.16,717.05504
2018,130,b4,2018_44,2y,C2,12.7,765.31836
2018,130,b4,2018_44,2y,C2,15.24,810.1342999999999
2018,130,b4,2018_44,2y,C2,17.78,865.29238
2018,130,b4,2018_44,2y,C2,20.32,927.3452199999999
2018,130,b4,2018_44,2y,C2,22.86,910.1083199999999
2018,130,b4,2018_44,2y,C2,25.4,899.76618
2018,130,b4,2018_44,2y,C2,27.94,948.0295
2018,130,b4,2018_44,2y,C2,30.48,892.87142
2018,130,b4,2018_44,2y,C2,33.02,823.92382
2018,130,b4,2018_44,2y,C2,35.56,730.84456
2018,130,b4,2018_44,2y,C2,38.1,730.84456
2018,130,b4,2018_44,2y,C2,40.64,717.05504
2018,130,b4,2018_44,2y,C2,43.18,744.6340799999999
2018,130,b4,2018_44,2y,C2,45.72,761.87098
2018,130,b4,2018_46,4y,C4,0,24.131659999999997
2018,130,b4,2018_46,4y,C4,2.54,96.52664
2018,130,b4,2018_46,4y,C4,5.08,337.84324
2018,130,b4,2018_46,4y,C4,7.62,448.1594
2018,130,b4,2018_46,4y,C4,10.16,472.29105999999996
2018,130,b4,2018_46,4y,C4,12.7,475.73843999999997
2018,130,b4,2018_46,4y,C4,15.24,468.84368
2018,130,b4,2018_46,4y,C4,17.78,475.73843999999997
2018,130,b4,2018_46,4y,C4,20.32,496.42271999999997
2018,130,b4,2018_46,4y,C4,22.86,479.18582
2018,130,b4,2018_46,4y,C4,25.4,427.47512
2018,130,b4,2018_46,4y,C4,27.94,565.37032
2018,130,b4,2018_46,4y,C4,30.48,696.37076
2018,130,b4,2018_46,4y,C4,33.02,810.1342999999999
2018,130,b4,2018_46,4y,C4,35.56,851.5028599999999
2018,130,b4,2018_46,4y,C4,38.1,841.16072
2018,130,b4,2018_46,4y,C4,40.64,841.16072
2018,130,b4,2018_46,4y,C4,43.18,861.845
2018,130,b4,2018_46,4y,C4,45.72,889.42404
2018,197,b1,2018_13,2y,C2,0,427.125
2018,197,b1,2018_13,2y,C2,2.5,1099.875
2018,197,b1,2018_13,2y,C2,5,1556.625
2018,197,b1,2018_13,2y,C2,7.5,1569.5
2018,197,b1,2018_13,2y,C2,10,1401.75
2018,197,b1,2018_13,2y,C2,12.5,1431.875
2018,197,b1,2018_13,2y,C2,15,1418.875
2018,197,b1,2018_13,2y,C2,17.5,1349.875
2018,197,b1,2018_13,2y,C2,20,1280.75
2018,197,b1,2018_13,2y,C2,22.5,1186.125
2018,197,b1,2018_13,2y,C2,25,1095.25
2018,197,b1,2018_13,2y,C2,27.5,1078.25
2018,197,b1,2018_13,2y,C2,30,1069.75
2018,197,b1,2018_13,2y,C2,32.5,1043.875
2018,197,b1,2018_13,2y,C2,35,1056.5
2018,197,b1,2018_13,2y,C2,37.5,1039.5
2018,197,b1,2018_13,2y,C2,40,1004.875
2018,197,b1,2018_18,4y,C4,0,90.375
2018,197,b1,2018_18,4y,C4,2.5,258.625
2018,197,b1,2018_18,4y,C4,5,845.25
2018,197,b1,2018_18,4y,C4,7.5,1065.125
2018,197,b1,2018_18,4y,C4,10,1000.375
2018,197,b1,2018_18,4y,C4,12.5,949
2018,197,b1,2018_18,4y,C4,15,966
2018,197,b1,2018_18,4y,C4,17.5,914.125
2018,197,b1,2018_18,4y,C4,20,888.25
2018,197,b1,2018_18,4y,C4,22.5,918.625
2018,197,b1,2018_18,4y,C4,25,922.875
2018,197,b1,2018_18,4y,C4,27.5,1000.25
2018,197,b1,2018_18,4y,C4,30,1082.375
2018,197,b1,2018_18,4y,C4,32.5,1121.25
2018,197,b1,2018_18,4y,C4,35,1125.75
2018,197,b1,2018_18,4y,C4,37.5,1151.375
2018,197,b1,2018_18,4y,C4,40,1143
2018,197,b2,2018_24,2y,C2,0,392.5
2018,197,b2,2018_24,2y,C2,2.5,910
2018,197,b2,2018_24,2y,C2,5,1690.375
2018,197,b2,2018_24,2y,C2,7.5,1871.625
2018,197,b2,2018_24,2y,C2,10,1690.625
2018,197,b2,2018_24,2y,C2,12.5,1660
2018,197,b2,2018_24,2y,C2,15,1599.75
2018,197,b2,2018_24,2y,C2,17.5,1569.625
2018,197,b2,2018_24,2y,C2,20,1505.125
2018,197,b2,2018_24,2y,C2,22.5,1401.625
2018,197,b2,2018_24,2y,C2,25,1362.625
2018,197,b2,2018_24,2y,C2,27.5,1380
2018,197,b2,2018_24,2y,C2,30,1328.125
2018,197,b2,2018_24,2y,C2,32.5,1336.875
2018,197,b2,2018_24,2y,C2,35,1337
2018,197,b2,2018_24,2y,C2,37.5,1298.125
2018,197,b2,2018_24,2y,C2,40,1280.625
2018,197,b2,2018_28,4y,C4,0,219.875
2018,197,b2,2018_28,4y,C4,2.5,470
2018,197,b2,2018_28,4y,C4,5,806.625
2018,197,b2,2018_28,4y,C4,7.5,1017.75
2018,197,b2,2018_28,4y,C4,10,1047.75
2018,197,b2,2018_28,4y,C4,12.5,991.75
2018,197,b2,2018_28,4y,C4,15,970.25
2018,197,b2,2018_28,4y,C4,17.5,953
2018,197,b2,2018_28,4y,C4,20,909.875
2018,197,b2,2018_28,4y,C4,22.5,905.5
2018,197,b2,2018_28,4y,C4,25,1048.125
2018,197,b2,2018_28,4y,C4,27.5,1194.5
2018,197,b2,2018_28,4y,C4,30,1220.375
2018,197,b2,2018_28,4y,C4,32.5,1268.125
2018,197,b2,2018_28,4y,C4,35,1242.25
2018,197,b2,2018_28,4y,C4,37.5,1268
2018,197,b2,2018_28,4y,C4,40,1233.375
2018,197,b3,2018_34,2y,C2,0,129
2018,197,b3,2018_34,2y,C2,2.5,556.25
2018,197,b3,2018_34,2y,C2,5,1108.25
2018,197,b3,2018_34,2y,C2,7.5,1199
2018,197,b3,2018_34,2y,C2,10,1578.375
2018,197,b3,2018_34,2y,C2,12.5,1763.75
2018,197,b3,2018_34,2y,C2,15,1552.375
2018,197,b3,2018_34,2y,C2,17.5,1828.375
2018,197,b3,2018_34,2y,C2,20,1815.75
2018,197,b3,2018_34,2y,C2,22.5,1772.375
2018,197,b3,2018_34,2y,C2,25,1630.125
2018,197,b3,2018_34,2y,C2,27.5,1453.5
2018,197,b3,2018_34,2y,C2,30,1397.25
2018,197,b3,2018_34,2y,C2,32.5,1345.5
2018,197,b3,2018_34,2y,C2,35,1216
2018,197,b3,2018_34,2y,C2,37.5,1147.125
2018,197,b3,2018_34,2y,C2,40,1043.625
2018,197,b3,2018_37,4y,C4,0,95
2018,197,b3,2018_37,4y,C4,2.5,289.125
2018,197,b3,2018_37,4y,C4,5,677.125
2018,197,b3,2018_37,4y,C4,7.5,849.625
2018,197,b3,2018_37,4y,C4,10,841
2018,197,b3,2018_37,4y,C4,12.5,858
2018,197,b3,2018_37,4y,C4,15,888.625
2018,197,b3,2018_37,4y,C4,17.5,841.125
2018,197,b3,2018_37,4y,C4,20,802
2018,197,b3,2018_37,4y,C4,22.5,728.75
2018,197,b3,2018_37,4y,C4,25,797.875
2018,197,b3,2018_37,4y,C4,27.5,987.5
2018,197,b3,2018_37,4y,C4,30,1112.625
2018,197,b3,2018_37,4y,C4,32.5,1324
2018,197,b3,2018_37,4y,C4,35,1431.625
2018,197,b3,2018_37,4y,C4,37.5,1319.5
2018,197,b3,2018_37,4y,C4,40,1349.875
2018,197,b4,2018_44,2y,C2,0,224.125
2018,197,b4,2018_44,2y,C2,2.5,707.5
2018,197,b4,2018_44,2y,C2,5,1401.5
2018,197,b4,2018_44,2y,C2,7.5,1561.125
2018,197,b4,2018_44,2y,C2,10,1612.75
2018,197,b4,2018_44,2y,C2,12.5,1565.375
2018,197,b4,2018_44,2y,C2,15,1656.125
2018,197,b4,2018_44,2y,C2,17.5,1772.375
2018,197,b4,2018_44,2y,C2,20,1746.375
2018,197,b4,2018_44,2y,C2,22.5,1677.75
2018,197,b4,2018_44,2y,C2,25,1586.875
2018,197,b4,2018_44,2y,C2,27.5,1431.75
2018,197,b4,2018_44,2y,C2,30,1436.125
2018,197,b4,2018_44,2y,C2,32.5,1302.25
2018,197,b4,2018_44,2y,C2,35,1263.5
2018,197,b4,2018_44,2y,C2,37.5,1310.75
2018,197,b4,2018_44,2y,C2,40,1267.875
2018,197,b4,2018_46,4y,C4,0,172.25
2018,197,b4,2018_46,4y,C4,2.5,508.875
2018,197,b4,2018_46,4y,C4,5,819.375
2018,197,b4,2018_46,4y,C4,7.5,983.125
2018,197,b4,2018_46,4y,C4,10,1026.5
2018,197,b4,2018_46,4y,C4,12.5,944.375
2018,197,b4,2018_46,4y,C4,15,880
2018,197,b4,2018_46,4y,C4,17.5,896.875
2018,197,b4,2018_46,4y,C4,20,849.75
2018,197,b4,2018_46,4y,C4,22.5,836.75
2018,197,b4,2018_46,4y,C4,25,879.875
2018,197,b4,2018_46,4y,C4,27.5,992
2018,197,b4,2018_46,4y,C4,30,1125.625
2018,197,b4,2018_46,4y,C4,32.5,1155.875
2018,197,b4,2018_46,4y,C4,35,1216.125
2018,197,b4,2018_46,4y,C4,37.5,1237.75
2018,197,b4,2018_46,4y,C4,40,1228.75
2019,162,b1,2019_12,4y,C4,0,196.6
2019,162,b1,2019_12,4y,C4,2.5,455.3
2019,162,b1,2019_12,4y,C4,5,527.8
2019,162,b1,2019_12,4y,C4,7.5,517.6
2019,162,b1,2019_12,4y,C4,10,552.1
2019,162,b1,2019_12,4y,C4,12.5,590.1
2019,162,b1,2019_12,4y,C4,15,562.5
2019,162,b1,2019_12,4y,C4,17.5,600.4
2019,162,b1,2019_12,4y,C4,20,648.8
2019,162,b1,2019_12,4y,C4,22.5,710.8
2019,162,b1,2019_12,4y,C4,25,862.5
2019,162,b1,2019_12,4y,C4,27.5,966
2019,162,b1,2019_12,4y,C4,30,997
2019,162,b1,2019_12,4y,C4,32.5,1052.3
2019,162,b1,2019_12,4y,C4,35,1152.3
2019,162,b1,2019_12,4y,C4,37.5,1159.2
2019,162,b1,2019_12,4y,C4,40,1145.4
2019,162,b1,2019_12,4y,C4,42.5,1060.875
2019,162,b1,2019_12,4y,C4,45,948.75
2019,162,b1,2019_19,2y,C2,0,320.8
2019,162,b1,2019_19,2y,C2,2.5,548.5
2019,162,b1,2019_19,2y,C2,5,672.6
2019,162,b1,2019_19,2y,C2,7.5,827.9
2019,162,b1,2019_19,2y,C2,10,845.1
2019,162,b1,2019_19,2y,C2,12.5,945.2
2019,162,b1,2019_19,2y,C2,15,1014.2
2019,162,b1,2019_19,2y,C2,17.5,1007.5
2019,162,b1,2019_19,2y,C2,20,952.2
2019,162,b1,2019_19,2y,C2,22.5,938.4
2019,162,b1,2019_19,2y,C2,25,938.5
2019,162,b1,2019_19,2y,C2,27.5,931.5
2019,162,b1,2019_19,2y,C2,30,938.6
2019,162,b1,2019_19,2y,C2,32.5,973.5555555555555
2019,162,b1,2019_19,2y,C2,35,995.7142857142857
2019,162,b1,2019_19,2y,C2,37.5,1064.7142857142858
2019,162,b1,2019_19,2y,C2,40,1094.2857142857142
2019,162,b1,2019_19,2y,C2,42.5,1026.25
2019,162,b1,2019_19,2y,C2,45,1000.5
2019,162,b2,2019_21,4y,C4,0,222.54545454545453
2019,162,b2,2019_21,4y,C4,2.5,489.3636363636364
2019,162,b2,2019_21,4y,C4,5,580.0909090909091
2019,162,b2,2019_21,4y,C4,7.5,552.0909090909091
2019,162,b2,2019_21,4y,C4,10,539.3636363636364
2019,162,b2,2019_21,4y,C4,12.5,577.1818181818181
2019,162,b2,2019_21,4y,C4,15,577.1818181818181
2019,162,b2,2019_21,4y,C4,17.5,646.0909090909091
2019,162,b2,2019_21,4y,C4,20,752.8181818181819
2019,162,b2,2019_21,4y,C4,22.5,790.4545454545455
2019,162,b2,2019_21,4y,C4,25,821.6363636363636
2019,162,b2,2019_21,4y,C4,27.5,912.6363636363636
2019,162,b2,2019_21,4y,C4,30,1057.7777777777778
2019,162,b2,2019_21,4y,C4,32.5,1023.6666666666666
2019,162,b2,2019_21,4y,C4,35,1000.375
2019,162,b2,2019_21,4y,C4,37.5,1039.375
2019,162,b2,2019_21,4y,C4,40,1138.5
2019,162,b2,2019_21,4y,C4,42.5,1224.5
2019,162,b2,2019_21,4y,C4,45,1265
2019,162,b2,2019_27,2y,C2,0,289.6
2019,162,b2,2019_27,2y,C2,2.5,438.3
2019,162,b2,2019_27,2y,C2,5,780
2019,162,b2,2019_27,2y,C2,7.5,852.2
2019,162,b2,2019_27,2y,C2,10,876.2
2019,162,b2,2019_27,2y,C2,12.5,928.2
2019,162,b2,2019_27,2y,C2,15,1017.7
2019,162,b2,2019_27,2y,C2,17.5,1073
2019,162,b2,2019_27,2y,C2,20,1069.4444444444443
2019,162,b2,2019_27,2y,C2,22.5,1023.5555555555555
2019,162,b2,2019_27,2y,C2,25,1023.5555555555555
2019,162,b2,2019_27,2y,C2,27.5,1008.1111111111111
2019,162,b2,2019_27,2y,C2,30,1007.8888888888889
2019,162,b2,2019_27,2y,C2,32.5,974.5
2019,162,b2,2019_27,2y,C2,35,948.875
2019,162,b2,2019_27,2y,C2,37.5,901.375
2019,162,b2,2019_27,2y,C2,40,916.8571428571429
2019,162,b2,2019_27,2y,C2,42.5,946.1428571428571
2019,162,b2,2019_27,2y,C2,45,946.1428571428571
2019,162,b3,2019_31,4y,C4,0,186.2
2019,162,b3,2019_31,4y,C4,2.5,403.6
2019,162,b3,2019_31,4y,C4,5,590.1
2019,162,b3,2019_31,4y,C4,7.5,586.6
2019,162,b3,2019_31,4y,C4,10,589.9
2019,162,b3,2019_31,4y,C4,12.5,552
2019,162,b3,2019_31,4y,C4,15,565.7
2019,162,b3,2019_31,4y,C4,17.5,586.6
2019,162,b3,2019_31,4y,C4,20,700.4
2019,162,b3,2019_31,4y,C4,22.5,872.7
2019,162,b3,2019_31,4y,C4,25,983.1
2019,162,b3,2019_31,4y,C4,27.5,1069.4
2019,162,b3,2019_31,4y,C4,30,1086.8
2019,162,b3,2019_31,4y,C4,32.5,1103.9
2019,162,b3,2019_31,4y,C4,35,1131.6
2019,162,b3,2019_31,4y,C4,37.5,1124.5
2019,162,b3,2019_31,4y,C4,40,1162.6
2019,162,b3,2019_31,4y,C4,42.5,1217.5714285714287
2019,162,b3,2019_35,2y,C2,0,103.5
2019,162,b3,2019_35,2y,C2,2.5,282.8
2019,162,b3,2019_35,2y,C2,5,583
2019,162,b3,2019_35,2y,C2,7.5,638.2
2019,162,b3,2019_35,2y,C2,10,759
2019,162,b3,2019_35,2y,C2,12.5,821.1
2019,162,b3,2019_35,2y,C2,15,948.7
2019,162,b3,2019_35,2y,C2,17.5,990.3
2019,162,b3,2019_35,2y,C2,20,990.1
2019,162,b3,2019_35,2y,C2,22.5,969.6
2019,162,b3,2019_35,2y,C2,25,993.7
2019,162,b3,2019_35,2y,C2,27.5,1045.3
2019,162,b3,2019_35,2y,C2,30,1035.1
2019,162,b3,2019_35,2y,C2,32.5,1048.8
2019,162,b3,2019_35,2y,C2,35,1048.7
2019,162,b3,2019_35,2y,C2,37.5,1059.1
2019,162,b3,2019_35,2y,C2,40,1111
2019,162,b3,2019_35,2y,C2,42.5,1110.9
2019,162,b3,2019_35,2y,C2,45,1190.3333333333333
2019,162,b4,2019_43,4y,C4,0,233.77777777777777
2019,162,b4,2019_43,4y,C4,2.5,425.44444444444446
2019,162,b4,2019_43,4y,C4,5,590.1111111111111
2019,162,b4,2019_43,4y,C4,7.5,578.6666666666666
2019,162,b4,2019_43,4y,C4,10,640.2222222222222
2019,162,b4,2019_43,4y,C4,12.5,575
2019,162,b4,2019_43,4y,C4,15,586.5555555555555
2019,162,b4,2019_43,4y,C4,17.5,601.8888888888889
2019,162,b4,2019_43,4y,C4,20,674.5555555555555
2019,162,b4,2019_43,4y,C4,22.5,828
2019,162,b4,2019_43,4y,C4,25,962.1111111111111
2019,162,b4,2019_43,4y,C4,27.5,1088.4444444444443
2019,162,b4,2019_43,4y,C4,30,1138.3333333333333
2019,162,b4,2019_43,4y,C4,32.5,1153.7777777777778
2019,162,b4,2019_43,4y,C4,35,1146.111111111111
2019,162,b4,2019_43,4y,C4,37.5,1121.25
2019,162,b4,2019_43,4y,C4,40,1143.5714285714287
2019,162,b4,2019_43,4y,C4,42.5,940
2019,162,b4,2019_43,4y,C4,45,1104
2019,162,b4,2019_45,2y,C2,0,257
2019,162,b4,2019_45,2y,C2,2.5,432.8181818181818
2019,162,b4,2019_45,2y,C2,5,658.6363636363636
2019,162,b4,2019_45,2y,C2,7.5,733.9090909090909
2019,162,b4,2019_45,2y,C2,10,784.0909090909091
2019,162,b4,2019_45,2y,C2,12.5,843.7272727272727
2019,162,b4,2019_45,2y,C2,15,922
2019,162,b4,2019_45,2y,C2,17.5,956.5454545454545
2019,162,b4,2019_45,2y,C2,20,984.7272727272727
2019,162,b4,2019_45,2y,C2,22.5,953.5454545454545
2019,162,b4,2019_45,2y,C2,25,956.3636363636364
2019,162,b4,2019_45,2y,C2,27.5,931.6363636363636
2019,162,b4,2019_45,2y,C2,30,928.4545454545455
2019,162,b4,2019_45,2y,C2,32.5,893.7272727272727
2019,162,b4,2019_45,2y,C2,35,897.2
2019,162,b4,2019_45,2y,C2,37.5,920
2019,162,b4,2019_45,2y,C2,40,912.2222222222222
2019,162,b4,2019_45,2y,C2,42.5,965.8333333333334
2019,162,b4,2019_45,2y,C2,45,1052.1666666666667
2020,175,b1,2020_13,2y,C2,0,82.9
2020,175,b1,2020_13,2y,C2,2.5,395
2020,175,b1,2020_13,2y,C2,5,866.1111111111111
2020,175,b1,2020_13,2y,C2,7.5,1449
2020,175,b1,2020_13,2y,C2,10,1976.8
2020,175,b1,2020_13,2y,C2,12.5,2411.8
2020,175,b1,2020_13,2y,C2,15,2352.9
2020,175,b1,2020_13,2y,C2,17.5,2183.8
2020,175,b1,2020_13,2y,C2,20,1874.4444444444443
2020,175,b1,2020_13,2y,C2,22.5,1922
2020,175,b1,2020_13,2y,C2,25,1776.8
2020,175,b1,2020_13,2y,C2,27.5,1652.8
2020,175,b1,2020_13,2y,C2,30,1624.9
2020,175,b1,2020_13,2y,C2,32.5,1538.8
2020,175,b1,2020_13,2y,C2,35,1472.9
2020,175,b1,2020_13,2y,C2,37.5,1400.7
2020,175,b1,2020_13,2y,C2,40,1790.2222222222222
2020,175,b1,2020_13,2y,C2,42.5,1541.3333333333333
2020,175,b1,2020_17,4y,C4,0,131.1
2020,175,b1,2020_17,4y,C4,2.5,202.875
2020,175,b1,2020_17,4y,C4,5,275.9
2020,175,b1,2020_17,4y,C4,7.5,586.5
2020,175,b1,2020_17,4y,C4,10,896.9
2020,175,b1,2020_17,4y,C4,12.5,966.1
2020,175,b1,2020_17,4y,C4,15,1459.5
2020,175,b1,2020_17,4y,C4,17.5,1769.8
2020,175,b1,2020_17,4y,C4,20,1978
2020,175,b1,2020_17,4y,C4,22.5,1997.6
2020,175,b1,2020_17,4y,C4,25,2187.3
2020,175,b1,2020_17,4y,C4,27.5,2641.3333333333335
2020,175,b1,2020_17,4y,C4,30,2806
2020,175,b1,2020_17,4y,C4,32.5,2729.5555555555557
2020,175,b1,2020_17,4y,C4,35,2848.1111111111113
2020,175,b1,2020_17,4y,C4,37.5,2683.222222222222
2020,175,b1,2020_17,4y,C4,40,2518.625
2020,175,b1,2020_17,4y,C4,42.5,2436.5
2020,175,b2,2020_22,4y,C4,0,51.8
2020,175,b2,2020_22,4y,C4,2.5,198.5
2020,175,b2,2020_22,4y,C4,5,538.3
2020,175,b2,2020_22,4y,C4,7.5,700.2
2020,175,b2,2020_22,4y,C4,10,997
2020,175,b2,2020_22,4y,C4,12.5,1397.2
2020,175,b2,2020_22,4y,C4,15,1759.5
2020,175,b2,2020_22,4y,C4,17.5,1697.6
2020,175,b2,2020_22,4y,C4,20,1821.5
2020,175,b2,2020_22,4y,C4,22.5,2083.7
2020,175,b2,2020_22,4y,C4,25,2328.8
2020,175,b2,2020_22,4y,C4,27.5,2414.9
2020,175,b2,2020_22,4y,C4,30,2352.9
2020,175,b2,2020_22,4y,C4,32.5,2394.2
2020,175,b2,2020_22,4y,C4,35,2294.2
2020,175,b2,2020_22,4y,C4,37.5,2228.6
2020,175,b2,2020_22,4y,C4,40,2211.3
2020,175,b2,2020_22,4y,C4,42.5,2059.9
2020,175,b2,2020_24,2y,C2,0,421
2020,175,b2,2020_24,2y,C2,2.5,862.4444444444445
2020,175,b2,2020_24,2y,C2,5,1107.3
2020,175,b2,2020_24,2y,C2,7.5,1397.3
2020,175,b2,2020_24,2y,C2,10,1587
2020,175,b2,2020_24,2y,C2,12.5,1811.2
2020,175,b2,2020_24,2y,C2,15,1911.2
2020,175,b2,2020_24,2y,C2,17.5,1893.9
2020,175,b2,2020_24,2y,C2,20,1835.4
2020,175,b2,2020_24,2y,C2,22.5,1759.6666666666667
2020,175,b2,2020_24,2y,C2,25,1809.2222222222222
2020,175,b2,2020_24,2y,C2,27.5,1770.888888888889
2020,175,b2,2020_24,2y,C2,30,1820.6666666666667
2020,175,b2,2020_24,2y,C2,32.5,1832.111111111111
2020,175,b2,2020_24,2y,C2,35,1744.3333333333333
2020,175,b2,2020_24,2y,C2,37.5,1634.25
2020,175,b2,2020_24,2y,C2,40,1629.111111111111
2020,175,b2,2020_24,2y,C2,42.5,1685.2857142857142
2020,175,b3,2020_34,2y,C2,0,310.4
2020,175,b3,2020_34,2y,C2,2.5,451.9
2020,175,b3,2020_34,2y,C2,5,1386.8
2020,175,b3,2020_34,2y,C2,7.5,1845.8
2020,175,b3,2020_34,2y,C2,10,2318.5
2020,175,b3,2020_34,2y,C2,12.5,2477.2
2020,175,b3,2020_34,2y,C2,15,2325.2
2020,175,b3,2020_34,2y,C2,17.5,2339
2020,175,b3,2020_34,2y,C2,20,2252.8
2020,175,b3,2020_34,2y,C2,22.5,2083.6
2020,175,b3,2020_34,2y,C2,25,2053
2020,175,b3,2020_34,2y,C2,27.5,1897.5
2020,175,b3,2020_34,2y,C2,30,1807.8
2020,175,b3,2020_34,2y,C2,32.5,1638.7
2020,175,b3,2020_34,2y,C2,35,1544.7777777777778
2020,175,b3,2020_34,2y,C2,37.5,1491.111111111111
2020,175,b3,2020_34,2y,C2,40,1491.3333333333333
2020,175,b3,2020_34,2y,C2,42.5,1468.7142857142858
2020,175,b3,2020_34,2y,C2,45,1104
2020,175,b3,2020_39,4y,C4,0,130.9
2020,175,b3,2020_39,4y,C4,2.5,379.44444444444446
2020,175,b3,2020_39,4y,C4,5,712.8888888888889
2020,175,b3,2020_39,4y,C4,7.5,1097.1
2020,175,b3,2020_39,4y,C4,10,1545.4
2020,175,b3,2020_39,4y,C4,12.5,1718.3
2020,175,b3,2020_39,4y,C4,15,1821.6
2020,175,b3,2020_39,4y,C4,17.5,1793.9
2020,175,b3,2020_39,4y,C4,20,2073.5555555555557
2020,175,b3,2020_39,4y,C4,22.5,2063.1
2020,175,b3,2020_39,4y,C4,25,2146.777777777778
2020,175,b3,2020_39,4y,C4,27.5,2016.4444444444443
2020,175,b3,2020_39,4y,C4,30,1847.5555555555557
2020,175,b3,2020_39,4y,C4,32.5,1794.111111111111
2020,175,b3,2020_39,4y,C4,35,1736.3333333333333
2020,175,b3,2020_39,4y,C4,37.5,1579.4444444444443
2020,175,b3,2020_39,4y,C4,40,1575.7777777777778
2020,175,b3,2020_39,4y,C4,42.5,1490.4
2020,175,b4,2020_41,4y,C4,0,117.3
2020,175,b4,2020_41,4y,C4,2.5,217.4
2020,175,b4,2020_41,4y,C4,5,476.2
2020,175,b4,2020_41,4y,C4,7.5,727.8
2020,175,b4,2020_41,4y,C4,10,948.6
2020,175,b4,2020_41,4y,C4,12.5,1159.2
2020,175,b4,2020_41,4y,C4,15,1314.4
2020,175,b4,2020_41,4y,C4,17.5,1307.4
2020,175,b4,2020_41,4y,C4,20,1324.7
2020,175,b4,2020_41,4y,C4,22.5,1438.6
2020,175,b4,2020_41,4y,C4,25,1445.6
2020,175,b4,2020_41,4y,C4,27.5,1404
2020,175,b4,2020_41,4y,C4,30,1445.7
2020,175,b4,2020_41,4y,C4,32.5,1449.1
2020,175,b4,2020_41,4y,C4,35,1410.9
2020,175,b4,2020_41,4y,C4,37.5,1342.1
2020,175,b4,2020_41,4y,C4,40,1355.7
2020,175,b4,2020_41,4y,C4,42.5,1296.4285714285713
2020,175,b4,2020_44,2y,C2,0,293.2
2020,175,b4,2020_44,2y,C2,2.5,614
2020,175,b4,2020_44,2y,C2,5,1152.1
2020,175,b4,2020_44,2y,C2,7.5,1438.6
2020,175,b4,2020_44,2y,C2,10,1911.2
2020,175,b4,2020_44,2y,C2,12.5,2080.2
2020,175,b4,2020_44,2y,C2,15,2063.1
2020,175,b4,2020_44,2y,C2,17.5,2011.3
2020,175,b4,2020_44,2y,C2,20,2073.6
2020,175,b4,2020_44,2y,C2,22.5,1956
2020,175,b4,2020_44,2y,C2,25,1825.2
2020,175,b4,2020_44,2y,C2,27.5,1671.5555555555557
2020,175,b4,2020_44,2y,C2,30,1565.5
2020,175,b4,2020_44,2y,C2,32.5,1565.25
2020,175,b4,2020_44,2y,C2,35,1479.125
2020,175,b4,2020_44,2y,C2,37.5,1423.125
2020,175,b4,2020_44,2y,C2,40,1423
2020,175,b4,2020_44,2y,C2,42.5,1409.857142857143
